free  energy   TOTEN,energy  without entropy,energy(sigma->0),kin. lattice  EKIN_LAT,nose potential ES,nose kinetic   EPS,total energy   ETOTAL,(temperature
-923.92553219,-924.02014992,-923.95707143,0.0,0.0,0.0,-917.01008,500.0
-923.91453434,-924.00951553,-923.94619474,0.0,-0.0,0.0,-917.009949,499.21
-923.88165268,-923.97776416,-923.91368984,0.0,-0.000125,0.0,-917.009952,496.85
-923.82657172,-923.92452794,-923.85922379,0.0,-0.00075,6e-06,-917.009821,492.92
-923.7500631,-923.85052983,-923.78355201,0.0,-0.0025,3.9e-05,-917.009673,487.52
-923.65309606,-923.7566795,-923.68762387,0.0,-0.00623,0.000155,-917.009543,480.78
-923.53645337,-923.64369373,-923.57220016,0.0,-0.013012,0.000466,-917.00936,472.83
-923.40119917,-923.5125694,-923.43832258,0.0,-0.024107,0.001163,-917.009217,463.81
-923.24849946,-923.3644086,-923.28713584,0.0,-0.040947,0.002541,-917.009017,453.9
-923.07979834,-923.20059859,-923.12006509,0.0,-0.065104,0.005016,-917.008861,443.28
-922.89651284,-923.02250845,-922.93851137,0.0,-0.098265,0.009137,-917.008727,432.14
-922.70008115,-922.83153773,-922.74390001,0.0,-0.142198,0.015595,-917.008566,420.66
-922.49207872,-922.62923116,-922.5377962,0.0,-0.198727,0.025216,-917.008477,409.02
-922.27391209,-922.41696164,-922.32159528,0.0,-0.269698,0.038952,-917.008297,397.4
-922.04726163,-922.19637336,-922.09696554,0.0,-0.356959,0.057858,-917.008149,385.96
-921.81376148,-921.96904542,-921.8655228,0.0,-0.462323,0.083067,-917.008093,374.88
-921.57477187,-921.73625289,-921.62859888,0.0,-0.587551,0.115748,-917.007901,364.31
-921.33199078,-921.49956753,-921.3878497,0.0,-0.734321,0.157069,-917.007753,354.39
-921.08691296,-921.26030819,-921.14471137,0.0,-0.904208,0.208142,-917.007655,345.26
-920.84094115,-921.01965032,-920.90051087,0.0,-1.09866,0.269978,-917.007491,337.08
-920.59547993,-920.77872857,-920.65656281,0.0,-1.318976,0.343419,-917.007313,329.97
-920.35182494,-920.53854711,-920.41406566,0.0,-1.566285,0.429095,-917.007157,324.05
-920.11121534,-920.30006336,-920.17416468,0.0,-1.841527,0.527355,-917.006909,319.46
-919.87494223,-920.06433243,-919.9380723,0.0,-2.145428,0.638199,-917.00663,316.36
-919.64411396,-919.83229783,-919.70684192,0.0,-2.478479,0.761222,-917.006308,314.88
-919.41971856,-919.60485933,-919.48143215,0.0,-2.840916,0.89555,-917.005911,315.18
-919.20265508,-919.38289288,-919.26273435,0.0,-3.232688,1.039782,-917.005482,317.41
-918.99368566,-919.16718171,-919.05151767,0.0,-3.653439,1.191943,-917.005009,321.76
-918.79342741,-918.95838929,-918.8484147,0.0,-4.102478,1.349431,-917.004467,328.4
-918.60240454,-918.7571002,-918.65396976,0.0,-4.578747,1.508993,-917.003873,337.53
-918.42101209,-918.56374899,-918.46859106,0.0,-5.080793,1.666705,-917.003245,349.35
-918.24942746,-918.37859252,-918.29248248,0.0,-5.606735,1.817992,-917.002582,364.08
-918.08756272,-918.20126788,-918.12546444,0.0,-6.154231,1.95768,-917.001868,381.92
-917.93550388,-918.03230697,-917.96777157,0.0,-6.720444,2.080114,-917.001256,403.05
-917.79287967,-917.87120674,-917.81898869,0.0,-7.302015,2.179277,-917.000639,427.66
-917.65910517,-917.71765734,-917.67862256,0.0,-7.89503,2.249076,-917.000056,455.86
-917.53339431,-917.57142751,-917.54607204,0.0,-8.495007,2.283651,-916.999513,487.69
-917.41470896,-917.43200063,-917.42047285,0.0,-9.096888,2.277816,-916.999087,523.08
-917.30209308,-917.2962157,-917.30013396,0.0,-9.695048,2.227576,-916.998862,561.84
-917.1945149,-917.16310674,-917.18404551,0.0,-10.283331,2.130651,-916.998769,603.61
-917.09284655,-917.02326548,-917.06965286,0.0,-10.8551,1.987083,-916.998201,648.02
-917.00928715,-916.98367892,-917.00075107,0.0,-11.403304,1.799383,-917.008024,694.47
-916.93667574,-916.94859628,-916.94064925,0.0,-11.920563,1.573406,-917.027471,741.55
-916.83988019,-916.85436164,-916.84470734,0.0,-12.399404,1.319317,-917.028854,787.45
-916.7345143,-916.75149422,-916.74017427,0.0,-12.832542,1.050628,-917.030425,830.46
-916.61842465,-916.63824758,-916.6250323,0.0,-13.21315,0.783237,-917.032081,868.8
-916.48988265,-916.51326999,-916.49767843,0.0,-13.535146,0.534165,-917.033824,900.67
-916.34736792,-916.37445369,-916.35639651,0.0,-13.793473,0.31979,-917.035346,924.43
-916.18964204,-916.2201839,-916.19982266,0.0,-13.984363,0.154011,-917.036272,938.75
-916.01653622,-916.04977474,-916.02761572,0.0,-14.105544,0.046519,-917.036754,942.73
-915.82772244,-915.86269156,-915.83937881,0.0,-14.156386,0.001557,-917.036617,936.02
-915.62415809,-915.65975106,-915.63602241,0.0,-14.137952,0.017413,-917.035864,918.87
-915.40751603,-915.44313389,-915.41938865,0.0,-14.052963,0.086754,-917.034526,892.15
-915.17983771,-915.21491417,-915.19152986,0.0,-13.905658,0.197743,-917.032908,857.13
-914.94372298,-914.97797768,-914.95514121,0.0,-13.701592,0.335685,-917.031124,815.46
-914.70215166,-914.73558842,-914.71329725,0.0,-13.447377,0.484898,-917.029403,768.95
-914.45815132,-914.49100194,-914.46910153,0.0,-13.150393,0.630449,-917.027915,719.42
-914.21484159,-914.24746899,-914.22571739,0.0,-12.818502,0.759546,-917.026747,668.58
-913.97504082,-914.00782674,-913.98596946,0.0,-12.459776,0.862447,-917.025924,617.92
-913.74125515,-913.77444584,-913.75231871,0.0,-12.082256,0.932824,-917.025467,568.67
-913.51598508,-913.54989303,-913.52728773,0.0,-11.693766,0.967733,-917.025341,521.78
-913.30122685,-913.33585806,-913.31277059,0.0,-11.301753,0.967282,-917.025417,477.94
-913.09856723,-913.13388595,-913.11034013,0.0,-10.913183,0.934039,-917.025645,437.58
-912.9095588,-912.94545513,-912.92152424,0.0,-10.534469,0.872442,-917.026074,400.95
-912.73521562,-912.77144264,-912.74729129,0.0,-10.17143,0.788174,-917.026511,368.16
-912.57652967,-912.61289757,-912.5886523,0.0,-9.829279,0.687617,-917.026983,339.18
-912.43425559,-912.47058862,-912.4463666,0.0,-9.512621,0.577389,-917.027456,313.94
-912.30891039,-912.34483601,-912.3208856,0.0,-9.225468,0.463977,-917.027868,292.28
-912.20103142,-912.23659678,-912.21288654,0.0,-8.971263,0.353452,-917.028233,274.07
-912.11104164,-912.14553614,-912.1225398,0.0,-8.752902,0.251286,-917.028595,259.13
-912.03895408,-912.0726764,-912.05019485,0.0,-8.572759,0.162191,-917.02889,247.32
-911.98476345,-912.01745326,-911.99566005,0.0,-8.432712,0.09004,-917.029116,238.47
-911.94860979,-911.97867391,-911.95863117,0.0,-8.334168,0.037813,-917.02938,232.49
-911.93013156,-911.95922346,-911.93982886,0.0,-8.278078,0.007573,-917.029451,229.28
-911.92921062,-911.95703588,-911.93848571,0.0,-8.264952,0.000447,-917.029524,228.78
-911.94533205,-911.97292336,-911.95452915,0.0,-8.294872,0.016639,-917.029479,230.94
-911.98228854,-912.00350441,-911.98936049,0.0,-8.367493,0.055433,-917.033176,235.79
-912.0276405,-912.05441012,-912.03656371,0.0,-8.482045,0.115203,-917.028872,243.34
-912.09256395,-912.11980024,-912.10164271,0.0,-8.637328,0.193461,-917.028584,253.62
-912.17160343,-912.20095156,-912.18138614,0.0,-8.831707,0.28688,-917.027343,266.73
-912.26830936,-912.29458929,-912.27706934,0.0,-9.0631,0.391357,-917.02921,282.76
-912.37616784,-912.40309178,-912.38514249,0.0,-9.328957,0.502067,-917.028674,301.82
-912.49542605,-912.52438051,-912.50507754,0.0,-9.62625,0.613625,-917.027226,323.97
-912.62301606,-912.6580132,-912.63468177,0.0,-9.951458,0.72021,-917.022897,349.32
-912.76722949,-912.7998817,-912.77811356,0.0,-10.300554,0.815795,-917.025218,377.91
-912.91975223,-912.95047909,-912.92999452,0.0,-10.668993,0.894396,-917.027386,409.73
-913.05343905,-913.10248027,-913.06978612,0.0,-11.051718,0.950446,-917.004182,444.69
-913.24396339,-913.27411031,-913.25401236,0.0,-11.443175,0.979189,-917.033104,482.6
-913.40199855,-913.43513424,-913.41304378,0.0,-11.83734,0.97714,-917.027196,523.1
-913.56386718,-913.60014222,-913.57595886,0.0,-12.227782,0.94255,-917.024968,565.7
-913.71414671,-913.76268092,-913.73032478,0.0,-12.607734,0.875842,-917.013198,609.71
-913.88528606,-913.92007277,-913.89688163,0.0,-12.970207,0.779929,-917.027274,654.21
-914.03818316,-914.07033677,-914.04890103,0.0,-13.308137,0.660476,-917.031173,698.05
-914.17363059,-914.21221861,-914.18649326,0.0,-13.614563,0.525685,-917.027464,740.01
-914.30449007,-914.33710069,-914.31536028,0.0,-13.882824,0.385861,-917.031229,778.71
-914.41679696,-914.45375405,-914.42911599,0.0,-14.106781,0.252713,-917.030423,812.7
-914.51547704,-914.55317165,-914.52804191,0.0,-14.281038,0.138211,-917.03106,840.67
-914.59821785,-914.63096218,-914.60913262,0.0,-14.401157,0.053374,-917.032348,861.38
-914.66275937,-914.69488875,-914.67346916,0.0,-14.463853,0.006989,-917.032822,873.9
-914.70999816,-914.74675303,-914.72224978,0.0,-14.467141,0.004503,-917.033106,877.71
-914.73973443,-914.77694434,-914.75213774,0.0,-14.410413,0.047336,-917.032777,872.69
-914.75256829,-914.7908266,-914.76532106,0.0,-14.294468,0.132699,-917.031997,859.12
-914.74996312,-914.7893418,-914.76308935,0.0,-14.121458,0.253956,-917.031002,837.72
-914.73351464,-914.77400937,-914.74701288,0.0,-13.894775,0.401477,-917.02979,809.57
-914.70514997,-914.7466826,-914.71899418,0.0,-13.618888,0.5638,-917.028476,775.93
-914.66716563,-914.70937345,-914.68123491,0.0,-13.299133,0.728908,-917.027102,738.22
-914.62195784,-914.66488226,-914.63626598,0.0,-12.941494,0.885439,-917.025798,697.87
-914.57207603,-914.61536711,-914.58650639,0.0,-12.552377,1.023601,-917.024857,656.21
-914.51991915,-914.56322697,-914.53435509,0.0,-12.138395,1.135837,-917.024052,614.45
-914.46803928,-914.51119502,-914.48242453,0.0,-11.706179,1.217128,-917.023503,573.61
-914.41884244,-914.46167085,-914.43311858,0.0,-11.262215,1.264978,-917.023273,534.51
-914.37421675,-914.41669412,-914.38837587,0.0,-10.812713,1.279217,-917.023068,497.77
-914.3360455,-914.37818036,-914.35009045,0.0,-10.36351,1.261602,-917.023165,463.8
-914.3058921,-914.34779519,-914.3198598,0.0,-9.920004,1.215366,-917.023386,432.88
-914.28521678,-914.3270752,-914.29916959,0.0,-9.487108,1.144827,-917.02371,405.16
-914.2749204,-914.31697669,-914.28893916,0.0,-9.069228,1.054906,-917.024043,380.68
-914.27598588,-914.31850632,-914.29015936,0.0,-8.670253,0.9508,-917.024437,359.41
-914.28909776,-914.33235218,-914.3035159,0.0,-8.293566,0.837668,-917.024818,341.28
-914.31477933,-914.35901912,-914.32952593,0.0,-7.942049,0.720423,-917.025158,326.17
-914.35329535,-914.39873741,-914.3684427,0.0,-7.618104,0.603539,-917.025434,313.97
-914.4048299,-914.45164855,-914.42043612,0.0,-7.323671,0.490943,-917.025659,304.53
-914.46946917,-914.51779306,-914.48557713,0.0,-7.060253,0.385941,-917.025886,297.73
-914.54715475,-914.59706872,-914.56379274,0.0,-6.828929,0.291181,-917.026059,293.46
-914.63772875,-914.68927864,-914.65491204,0.0,-6.63038,0.208639,-917.026171,291.61
-914.74088153,-914.79409024,-914.75861777,0.0,-6.464899,0.139624,-917.026216,292.1
-914.85624344,-914.91109686,-914.87452791,0.0,-6.332412,0.084797,-917.026166,294.82
-914.98344412,-915.03990808,-915.00226544,0.0,-6.232484,0.044211,-917.026086,299.74
-915.1218281,-915.17985316,-915.14116979,0.0,-6.164338,0.017349,-917.025942,306.77
-915.27089278,-915.33042672,-915.29073743,0.0,-6.126855,0.003179,-917.025793,315.87
-915.42991491,-915.4909027,-915.45024418,0.0,-6.11859,0.000222,-917.025592,327.0
-915.59816367,-915.66055103,-915.61895945,0.0,-6.137775,0.006621,-917.025425,340.1
-915.77481098,-915.8385473,-915.79605642,0.0,-6.18233,0.020226,-917.025206,355.13
-915.95894564,-916.02398795,-915.98062641,0.0,-6.249866,0.038691,-917.024983,372.0
-916.14939373,-916.21570909,-916.17149885,0.0,-6.337704,0.059583,-917.024763,390.63
-916.34499581,-916.41256452,-916.36751871,0.0,-6.442884,0.080503,-917.024509,410.88
-916.54456539,-916.61338218,-916.56750432,0.0,-6.56219,0.099213,-917.024262,432.6
-916.74681047,-916.81688557,-916.77016884,0.0,-6.692171,0.113773,-917.024064,455.58
-916.95031022,-917.02166787,-916.9740961,0.0,-6.829176,0.122664,-917.023921,479.57
-917.15353375,-917.22620829,-917.1777586,0.0,-6.969398,0.124919,-917.023872,504.24
-917.35483123,-917.42886029,-917.37950759,0.0,-7.108916,0.120207,-917.023901,529.22
-917.55269368,-917.62810906,-917.57783214,0.0,-7.243766,0.108904,-917.023991,554.09
-917.74556263,-917.82238078,-917.77116868,0.0,-7.369997,0.092089,-917.024096,578.37
-917.93197952,-918.01017994,-917.95804633,0.0,-7.483755,0.071509,-917.0243,601.55
-918.11056323,-918.19013778,-918.13708808,0.0,-7.581361,0.049463,-917.024526,623.09
-918.27997759,-918.36088309,-918.30694609,0.0,-7.659393,0.028624,-917.024746,642.47
-918.43910405,-918.52129375,-918.46650062,0.0,-7.714775,0.011824,-917.024968,659.18
-918.58705373,-918.67049479,-918.61486742,0.0,-7.744855,0.001782,-917.02517,672.77
-918.72284841,-918.80753958,-918.7510788,0.0,-7.747477,0.000844,-917.025264,682.83
-918.84610966,-918.93208539,-918.87476824,0.0,-7.721041,0.010734,-917.02533,689.12
-918.95652148,-919.04384419,-918.98562905,0.0,-7.664551,0.032356,-917.025223,691.46
-919.05404112,-919.14281215,-919.08363146,0.0,-7.577635,0.065686,-917.024993,689.83
-919.13915266,-919.22949004,-919.16926512,0.0,-7.46055,0.109742,-917.024675,684.36
-919.21235155,-919.30436613,-919.24302308,0.0,-7.314166,0.162675,-917.024199,675.27
-919.27463513,-919.36840956,-919.30589327,0.0,-7.139922,0.221914,-917.023772,662.93
-919.32703887,-919.42260925,-919.35889566,0.0,-6.93978,0.284408,-917.02327,647.76
-919.37086242,-919.46820417,-919.40330967,0.0,-6.716145,0.346884,-917.022834,630.28
-919.4072539,-919.50627474,-919.44026085,0.0,-6.471793,0.406103,-917.022391,610.99
-919.43753288,-919.53807514,-919.47104697,0.0,-6.209786,0.459099,-917.021943,590.44
-919.46335898,-919.56513895,-919.49728563,0.0,-5.933387,0.50337,-917.021514,569.15
-919.48620215,-919.58907026,-919.52049152,0.0,-5.645976,0.53704,-917.021123,547.62
-919.50717585,-919.61076837,-919.54170669,0.0,-5.350972,0.558887,-917.020835,526.24
-919.52749,-919.6314835,-919.5621545,0.0,-5.05177,0.568365,-917.020665,505.41
-919.54853322,-919.65260158,-919.58322267,0.0,-4.751679,0.565578,-917.020641,485.43
-919.57134983,-919.67513308,-919.60594425,0.0,-4.453871,0.551219,-917.020541,466.6
-919.59695655,-919.700203,-919.63137203,0.0,-4.161339,0.526458,-917.020415,449.1
-919.62621875,-919.72866176,-919.66036642,0.0,-3.876863,0.492825,-917.020329,433.08
-919.6598076,-919.76121208,-919.69360909,0.0,-3.602987,0.452094,-917.020282,418.66
-919.69826487,-919.79843036,-919.73165337,0.0,-3.342002,0.406174,-917.020241,405.89
-919.74207821,-919.84083932,-919.77499858,0.0,-3.095939,0.35701,-917.020256,394.82
-919.7915804,-919.88880509,-919.82398863,0.0,-2.866555,0.306489,-917.020216,385.47
-919.84709344,-919.94268022,-919.8789557,0.0,-2.655337,0.256382,-917.020144,377.84
-919.90873522,-920.0026101,-919.94002685,0.0,-2.463498,0.208271,-917.02013,371.91
-919.97641417,-920.0685273,-920.00711854,0.0,-2.29198,0.163508,-917.02007,367.64
-920.05014426,-920.1405306,-920.08027304,0.0,-2.141462,0.123189,-917.020001,365.01
-920.12972081,-920.21824187,-920.15922783,0.0,-2.012363,0.088135,-917.019895,363.97
-920.21485115,-920.30164609,-920.2437828,0.0,-1.904848,0.058887,-917.019788,364.48
-920.30527908,-920.39030297,-920.33362038,0.0,-1.818839,0.035705,-917.019643,366.48
-920.40067047,-920.48396534,-920.42843543,0.0,-1.754015,0.01859,-917.01946,369.94
-920.50059036,-920.58220913,-920.52779661,0.0,-1.709829,0.007292,-917.019297,374.8
-920.60431851,-920.68432897,-920.63098866,0.0,-1.685508,0.001343,-917.019091,380.99
-920.71112723,-920.78961098,-920.73728848,0.0,-1.680071,8.8e-05,-917.018883,388.42
-920.82031783,-920.89736918,-920.84600161,0.0,-1.692337,0.002723,-917.018634,397.03
-920.93124008,-921.00696401,-920.95648139,0.0,-1.720938,0.008344,-917.018416,406.73
-921.04309778,-921.11760681,-921.06793413,0.0,-1.764334,0.015985,-917.018201,417.42
-921.15496603,-921.2284297,-921.17945392,0.0,-1.820828,0.024672,-917.018,428.98
-921.26574636,-921.33824718,-921.2899133,0.0,-1.888585,0.03347,-917.017755,441.27
-921.37435776,-921.44592429,-921.39821327,0.0,-1.965651,0.041532,-917.017544,454.12
-921.4799299,-921.55071183,-921.50352387,0.0,-2.049986,0.048147,-917.017514,467.38
-921.58138286,-921.65144987,-921.60473853,0.0,-2.139485,0.052766,-917.017505,480.85
-921.67764522,-921.74704499,-921.70077848,0.0,-2.232008,0.055037,-917.01751,494.34
-921.76761453,-921.83636835,-921.79053247,0.0,-2.325414,0.054821,-917.017514,507.61
-921.85031215,-921.91841571,-921.87301334,0.0,-2.417595,0.052191,-917.017533,520.44
-921.92481995,-921.99224751,-921.9472958,0.0,-2.506513,0.047422,-917.017554,532.6
-921.99010248,-922.05680228,-922.01233575,0.0,-2.590239,0.040963,-917.017627,543.84
-922.04539382,-922.11128593,-922.06735786,0.0,-2.666987,0.033399,-917.017695,553.93
-922.09015878,-922.15513792,-922.11181849,0.0,-2.735156,0.02539,-917.017753,562.67
-922.12373939,-922.18768028,-922.14505302,0.0,-2.793359,0.017619,-917.017742,569.86
-922.14588924,-922.20865318,-922.16681055,0.0,-2.840453,0.010731,-917.017787,575.37
-922.15630325,-922.21774568,-922.17678406,0.0,-2.875563,0.005271,-917.017816,579.05
-922.15486836,-922.21484802,-922.17486158,0.0,-2.898106,0.001642,-917.01782,580.84
-922.14147622,-922.1998648,-922.16093908,0.0,-2.907796,6.6e-05,-917.017662,580.7
-922.11663564,-922.1733274,-922.13553289,0.0,-2.904657,0.000569,-917.01753,578.65
-922.08077823,-922.13569691,-922.09908446,0.0,-2.889014,0.002986,-917.017377,574.76
-922.0345558,-922.08765753,-922.05225637,0.0,-2.861482,0.006975,-917.017236,569.15
-921.97867447,-922.02995802,-921.99576898,0.0,-2.822954,0.012062,-917.01713,561.96
-921.91382034,-921.96331472,-921.93031846,0.0,-2.774569,0.017684,-917.016946,553.38
-921.84106139,-921.88882145,-921.85698141,0.0,-2.71769,0.023243,-917.016781,543.62
-921.76143797,-921.80754043,-921.77680546,0.0,-2.653866,0.028167,-917.016641,532.9
-921.67606383,-921.72059875,-921.69090881,0.0,-2.584799,0.031958,-917.016505,521.47
-921.58596673,-921.62903022,-921.60032123,0.0,-2.512304,0.034238,-917.016336,509.56
-921.49224933,-921.53393835,-921.50614567,0.0,-2.43827,0.034777,-917.016175,497.41
-921.39609391,-921.43650327,-921.4095637,0.0,-2.364629,0.033514,-917.016043,485.23
-921.29864006,-921.33786134,-921.31171382,0.0,-2.293312,0.030561,-917.015953,473.25
-921.20091889,-921.23903931,-921.2136257,0.0,-2.226224,0.026196,-917.015864,461.65
-921.10393235,-921.1410369,-921.11630053,0.0,-2.165205,0.02084,-917.015846,450.62
-921.00839263,-921.04456351,-921.02044959,0.0,-2.112007,0.015031,-917.015799,440.29
-920.91524121,-920.95055834,-920.92701358,0.0,-2.068272,0.009385,-917.015824,430.8
-920.82517036,-920.859712,-920.83668424,0.0,-2.035505,0.004564,-917.01574,422.27
-920.73925962,-920.77310033,-920.75053986,0.0,-2.015062,0.001228,-917.01572,414.82
-920.6579933,-920.69120319,-920.66906327,0.0,-2.008124,0.0,-917.015701,408.54
-920.58175304,-920.61439614,-920.59263407,0.0,-2.01569,0.001425,-917.015706,403.47
-920.51096781,-920.54310076,-920.52167879,0.0,-2.038566,0.005936,-917.015681,399.68
-920.44608967,-920.47778216,-920.45665383,0.0,-2.077352,0.013828,-917.01563,397.23
-920.3873463,-920.41861775,-920.39777012,0.0,-2.132438,0.025232,-917.015522,396.14
-920.33495916,-920.36584088,-920.34525307,0.0,-2.203996,0.040101,-917.015447,396.46
-920.28896095,-920.31947683,-920.29913291,0.0,-2.291974,0.058202,-917.015307,398.2
-920.24935537,-920.27952705,-920.2594126,0.0,-2.396098,0.079114,-917.015194,401.36
-920.21582993,-920.24567906,-920.22577964,0.0,-2.515863,0.102239,-917.015046,405.93
-920.18821289,-920.21776816,-920.19806464,0.0,-2.650545,0.126823,-917.014913,411.91
-920.16607624,-920.19534469,-920.17583239,0.0,-2.799192,0.151973,-917.014756,419.25
-920.1490524,-920.17813455,-920.15874645,0.0,-2.96064,0.1767,-917.014656,427.91
-920.13661689,-920.16561954,-920.14628444,0.0,-3.133512,0.199957,-917.014541,437.83
-920.12822081,-920.15724654,-920.13789605,0.0,-3.31623,0.220686,-917.014424,448.95
-920.12329022,-920.15250756,-920.13302933,0.0,-3.507031,0.237872,-917.014327,461.15
-920.12116175,-920.15076798,-920.13103049,0.0,-3.703974,0.250601,-917.014301,474.32
-920.12080669,-920.15100145,-920.13087161,0.0,-3.904969,0.258119,-917.014271,488.28
-920.12118867,-920.15223829,-920.13153854,0.0,-4.107797,0.259897,-917.014226,502.85
-920.12135821,-920.15351744,-920.13207796,0.0,-4.310146,0.255676,-917.014228,517.8
-920.1202329,-920.15374966,-920.13140515,0.0,-4.50964,0.245499,-917.014312,532.87
-920.11660047,-920.15169603,-920.12829899,0.0,-4.703887,0.229739,-917.014403,547.78
-920.10946502,-920.14631653,-920.12174885,0.0,-4.890518,0.209087,-917.014504,562.25
-920.09787875,-920.13660174,-920.11078642,0.0,-5.067237,0.184528,-917.014673,575.95
-920.0806465,-920.12128357,-920.09419219,0.0,-5.231867,0.15729,-917.014799,588.57
-920.05684092,-920.09935512,-920.07101232,0.0,-5.382406,0.128775,-917.014933,599.78
-920.02548007,-920.06975569,-920.04023861,0.0,-5.517074,0.100456,-917.01507,609.29
-919.98590548,-920.03175484,-920.0011886,0.0,-5.63436,0.073782,-917.015234,616.83
-919.93753417,-919.98471006,-919.95325947,0.0,-5.733068,0.050051,-917.015255,622.18
-919.88020273,-919.92841358,-919.89627301,0.0,-5.81235,0.030324,-917.015308,625.19
-919.81366991,-919.86259592,-919.82997858,0.0,-5.871726,0.015334,-917.015248,625.76
-919.73805686,-919.78737009,-919.7544946,0.0,-5.911107,0.005445,-917.015204,623.86
-919.65353001,-919.70291633,-919.66999212,0.0,-5.930794,0.000625,-917.015113,619.52
-919.56069173,-919.60987085,-919.57708477,0.0,-5.931474,0.000466,-917.014977,612.88
-919.46041828,-919.50916031,-919.47666562,0.0,-5.914203,0.004236,-917.014792,604.12
-919.35348757,-919.40162286,-919.36953267,0.0,-5.880369,0.010962,-917.014526,593.48
-919.24099012,-919.28841315,-919.2567978,0.0,-5.831664,0.019522,-917.014386,581.22
-919.12379838,-919.17046288,-919.13935321,0.0,-5.770033,0.028751,-917.014151,567.64
-919.00317519,-919.04896355,-919.01843797,0.0,-5.697633,0.037544,-917.013819,553.07
-918.88036884,-918.92555718,-918.89543162,0.0,-5.616776,0.044944,-917.013559,537.83
-918.75641336,-918.800936,-918.77125424,0.0,-5.529883,0.050202,-917.013359,522.22
-918.63266989,-918.6765692,-918.64730299,0.0,-5.439431,0.052833,-917.013216,506.55
-918.51025288,-918.553559,-918.52468825,0.0,-5.34791,0.052637,-917.013088,491.11
-918.39019633,-918.43292152,-918.40443806,0.0,-5.257771,0.049692,-917.012983,476.13
-918.27356309,-918.31568293,-918.28760303,0.0,-5.171393,0.044333,-917.012922,461.84
-918.16133199,-918.20273306,-918.17513235,0.0,-5.091045,0.037117,-917.012854,448.45
-918.05425261,-918.09497075,-918.06782533,0.0,-5.018854,0.02877,-917.012767,436.09
-917.95290217,-917.99269196,-917.96616543,0.0,-4.956783,0.020128,-917.012676,424.91
-917.85811663,-917.8969654,-917.87106622,0.0,-4.906608,0.012082,-917.012677,415.01
-917.77036252,-917.80813142,-917.78295215,0.0,-4.869901,0.005518,-917.012656,406.49
-917.69000114,-917.72655273,-917.702185,0.0,-4.848017,0.001263,-917.012614,399.41
-917.61750958,-917.65276208,-917.62926041,0.0,-4.84208,3.3e-05,-917.012544,393.83
-917.5531714,-917.58704759,-917.56446346,0.0,-4.852976,0.002395,-917.012412,389.8
-917.49706176,-917.52953438,-917.50788596,0.0,-4.881344,0.008728,-917.012291,387.35
-917.44912315,-917.48021508,-917.45948713,0.0,-4.927574,0.019203,-917.012142,386.48
-917.40926383,-917.43904972,-917.41919246,0.0,-4.991804,0.033766,-917.011953,387.2
-917.37729373,-917.40588213,-917.38682319,0.0,-5.073921,0.052134,-917.011721,389.52
-917.3530706,-917.38061434,-917.36225184,0.0,-5.173554,0.073801,-917.01149,393.42
-917.33631228,-917.36300147,-917.34520868,0.0,-5.290086,0.098048,-917.011314,398.89
-917.32634742,-917.35240027,-917.3350317,0.0,-5.422645,0.123972,-917.011056,405.9
-917.32277676,-917.3484259,-917.33132647,0.0,-5.570119,0.150522,-917.010831,414.4
-917.32485896,-917.35033717,-917.3333517,0.0,-5.731156,0.176538,-917.010541,424.33
-917.33194774,-917.35746979,-917.34045509,0.0,-5.90418,0.200811,-917.01029,435.62
-917.34329382,-917.36903697,-917.35187487,0.0,-6.087396,0.222139,-917.010055,448.16
-917.35803026,-917.38411606,-917.36672553,0.0,-6.278813,0.239388,-917.009852,461.84
-917.37516618,-917.40164628,-917.38399288,0.0,-6.476259,0.251573,-917.009627,476.49
-917.39372605,-917.42059533,-917.40268248,0.0,-6.677407,0.257911,-917.009496,491.92
-917.41266146,-917.43981569,-917.42171287,0.0,-6.879804,0.257905,-917.009485,507.93
-917.43101639,-917.45827842,-917.44010373,0.0,-7.08091,0.25137,-917.009526,524.26
-917.447829,-917.47497718,-917.45687839,0.0,-7.27813,0.238477,-917.009619,540.66
-917.46188455,-917.48869103,-917.47082004,0.0,-7.468859,0.219769,-917.009698,556.82
-917.47219579,-917.49847775,-917.48095644,0.0,-7.650533,0.196158,-917.009799,572.4
-917.47804566,-917.50370725,-917.48659953,0.0,-7.820677,0.168869,-917.009928,587.09
-917.47866114,-917.50373173,-917.48701801,0.0,-7.976959,0.139379,-917.010103,600.55
-917.47317281,-917.49777538,-917.48137367,0.0,-8.117242,0.109327,-917.010314,612.45
-917.46078651,-917.48508978,-917.4688876,0.0,-8.239635,0.080407,-917.010457,622.49
-917.44090541,-917.46506799,-917.44895961,0.0,-8.342546,0.054232,-917.010515,630.38
-917.41321004,-917.4373564,-917.42125882,0.0,-8.424722,0.032222,-917.010564,635.91
-917.3776546,-917.40188078,-917.38573,0.0,-8.485286,0.01548,-917.010612,638.92
-917.333928,-917.35832738,-917.34206112,0.0,-8.523758,0.004712,-917.010513,639.33
-917.28221234,-917.30688751,-917.2904374,0.0,-8.540074,0.000175,-917.010321,637.11
-917.22303724,-917.24810466,-917.23139305,0.0,-8.534587,0.001663,-917.010162,632.34
-917.15705847,-917.18264451,-917.16558715,0.0,-8.508052,0.008535,-917.009995,625.16
-917.08500367,-917.1112312,-917.09374618,0.0,-8.46161,0.019791,-917.009787,615.8
-917.00757754,-917.03454732,-917.01656746,0.0,-8.396746,0.034161,-917.009487,604.49
-916.92582169,-916.95359398,-916.93507912,0.0,-8.315255,0.050229,-917.009205,591.55
-916.84065237,-916.86923065,-916.85017847,0.0,-8.219192,0.06654,-917.00894,577.28
-916.75310439,-916.78242756,-916.76287878,0.0,-8.110822,0.081727,-917.008663,562.04
-916.66432284,-916.6942658,-916.67430382,0.0,-7.992565,0.0946,-917.008476,546.15
-916.57535323,-916.6057351,-916.58548052,0.0,-7.866943,0.104225,-917.008248,529.96
-916.48738943,-916.51799162,-916.49759016,0.0,-7.736528,0.109975,-917.008092,513.77
-916.40146234,-916.43204164,-916.41165544,0.0,-7.603891,0.111547,-917.007921,497.86
-916.31866198,-916.34899416,-916.3287727,0.0,-7.471559,0.108965,-917.007718,482.51
-916.24007522,-916.26995184,-916.2500341,0.0,-7.341969,0.102543,-917.007579,467.93
-916.16656558,-916.19582045,-916.17631721,0.0,-7.217437,0.092852,-917.007483,454.32
-916.098701,-916.12722251,-916.10820817,0.0,-7.100124,0.080652,-917.00741,441.82
-916.03706182,-916.06479949,-916.04630771,0.0,-6.992018,0.066832,-917.007337,430.55
-915.98229188,-916.0092577,-915.99128049,0.0,-6.894907,0.052355,-917.007256,420.62
-915.93488938,-915.96115443,-915.9436444,0.0,-6.810369,0.038191,-917.007175,412.11
-915.8951908,-915.92088442,-915.90375534,0.0,-6.739755,0.02526,-917.007093,405.08
-915.86351131,-915.888798,-915.87194021,0.0,-6.684185,0.014385,-917.006994,399.56
-915.84036675,-915.86544818,-915.84872722,0.0,-6.644532,0.006249,-917.006999,395.61
-915.82592295,-915.85102192,-915.83428927,0.0,-6.621427,0.001362,-917.006987,393.25
-915.82011729,-915.84549272,-915.82857577,0.0,-6.615242,3.4e-05,-917.006901,392.49
-915.82297684,-915.84888762,-915.83161377,0.0,-6.626102,0.002364,-917.006815,393.31
-915.83433032,-915.86104113,-915.84323392,0.0,-6.653872,0.008233,-917.006741,395.72
-915.85371327,-915.88148797,-915.86297151,0.0,-6.698171,0.017311,-917.006569,399.68
-915.88103244,-915.91013801,-915.8907343,0.0,-6.758369,0.029078,-917.006475,405.17
-915.91590417,-915.94655927,-915.92612254,0.0,-6.833596,0.042844,-917.006399,412.14
-915.95786054,-915.99029123,-915.96867077,0.0,-6.922744,0.057783,-917.00627,420.55
-916.00649034,-916.0408471,-916.0179426,0.0,-7.024476,0.072978,-917.006186,430.33
-916.06120743,-916.09758435,-916.07333307,0.0,-7.137241,0.087464,-917.00612,441.39
-916.12124053,-916.15965588,-916.13404565,0.0,-7.259279,0.100288,-917.006051,453.63
-916.18577452,-916.22613626,-916.19922843,0.0,-7.388647,0.110572,-917.006039,466.91
-916.25380201,-916.2959487,-916.26785091,0.0,-7.523235,0.117567,-917.00597,481.06
-916.32455942,-916.3682403,-916.33911972,0.0,-7.660796,0.120717,-917.005972,495.89
-916.39713382,-916.44203666,-916.41210144,0.0,-7.798974,0.119701,-917.006012,511.2
-916.47049108,-916.51627142,-916.48575119,0.0,-7.935339,0.114475,-917.00607,526.74
-916.543682,-916.58999718,-916.55912039,0.0,-8.067422,0.105296,-917.006157,542.24
-916.6158298,-916.66237034,-916.63134332,0.0,-8.192763,0.092723,-917.006281,557.42
-916.68603652,-916.73255091,-916.70154132,0.0,-8.308951,0.077597,-917.006379,571.98
-916.75348182,-916.7997886,-916.76891741,0.0,-8.413674,0.060994,-917.006426,585.63
-916.81742314,-916.86340725,-916.83275118,0.0,-8.504766,0.044165,-917.006539,598.04
-916.87697064,-916.92256498,-916.89216876,0.0,-8.580254,0.028449,-917.006628,608.94
-916.93147683,-916.97660698,-916.94652021,0.0,-8.63841,0.015172,-917.00672,618.04
-916.98037358,-917.02496991,-916.99523902,0.0,-8.677789,0.005541,-917.006744,625.11
-917.02344858,-917.06740849,-917.03810189,0.0,-8.697267,0.000543,-917.006826,629.99
-917.06031907,-917.10349696,-917.0747117,0.0,-8.69607,0.000859,-917.006787,632.55
-917.09095036,-917.1331644,-917.1050217,0.0,-8.673792,0.006804,-917.00665,632.73
-917.11547985,-917.15652911,-917.12916294,0.0,-8.630404,0.018293,-917.006502,630.55
-917.13401518,-917.17370219,-917.14724418,0.0,-8.566252,0.034851,-917.006289,626.07
-917.14679576,-917.18495185,-917.15951445,0.0,-8.482047,0.05564,-917.006039,619.42
-917.15442181,-917.1909338,-917.16659247,0.0,-8.378845,0.079533,-917.005788,610.8
-917.15769554,-917.19253487,-917.16930865,0.0,-8.258015,0.105201,-917.005498,600.47
-917.15717583,-917.19039343,-917.16824837,0.0,-8.121197,0.131223,-917.005173,588.68
-917.15352473,-917.18526835,-917.16410594,0.0,-7.970263,0.156172,-917.004902,575.72
-917.14743322,-917.17791658,-917.15759434,0.0,-7.807271,0.178725,-917.004543,561.89
-917.13997786,-917.16955846,-917.14983806,0.0,-7.634416,0.197739,-917.004339,547.49
-917.13203466,-917.16105265,-917.14170732,0.0,-7.453985,0.212316,-917.00413,532.83
-917.12465921,-917.15354957,-917.13428933,0.0,-7.268307,0.221855,-917.003987,518.2
-917.11852045,-917.14769587,-917.12824559,0.0,-7.079704,0.226051,-917.003818,503.83
-917.11449652,-917.14431599,-917.12443634,0.0,-6.890461,0.224896,-917.003695,489.94
-917.11329954,-917.14405298,-917.12355068,0.0,-6.702782,0.21865,-917.003554,476.75
-917.11566058,-917.14757779,-917.12629965,0.0,-6.518762,0.207814,-917.003419,464.41
-917.12233249,-917.1555465,-917.13340383,0.0,-6.340362,0.19307,-917.003338,453.06
-917.13389813,-917.16843401,-917.14541009,0.0,-6.169385,0.175242,-917.003247,442.83
-917.1509988,-917.18678308,-917.16292689,0.0,-6.007455,0.155232,-917.003194,433.81
-917.17416125,-917.21103314,-917.18645188,0.0,-5.856006,0.133974,-917.003165,426.08
-917.20383146,-917.24155946,-917.21640746,0.0,-5.716266,0.11238,-917.003059,419.69
-917.24058387,-917.27888385,-917.25335053,0.0,-5.589251,0.091305,-917.002975,414.69
-917.28460791,-917.32318032,-917.29746538,0.0,-5.475756,0.071497,-917.002919,411.1
-917.3360615,-917.37458999,-917.34890433,0.0,-5.376349,0.053576,-917.002816,408.94
-917.39532777,-917.43351733,-917.40805762,0.0,-5.291375,0.03801,-917.002761,408.21
-917.46225719,-917.49984463,-917.47478634,0.0,-5.22095,0.025107,-917.002576,408.9
-917.53706419,-917.57382923,-917.54931921,0.0,-5.164964,0.015007,-917.00249,411.0
-917.619593,-917.65536236,-917.63151612,0.0,-5.123084,0.007685,-917.002371,414.48
-917.70973833,-917.74435708,-917.72127791,0.0,-5.094757,0.002969,-917.002281,419.3
-917.80730058,-917.84071269,-917.81843795,0.0,-5.07922,0.000552,-917.002175,425.41
-917.91203151,-917.94425907,-917.92277403,0.0,-5.075501,2.3e-05,-917.00207,432.76
-918.02341877,-918.05452009,-918.03378588,0.0,-5.082432,0.000898,-917.001923,441.26
-918.14099175,-918.17103153,-918.15100501,0.0,-5.098665,0.002652,-917.001725,450.82
-918.26421621,-918.29330977,-918.27391406,0.0,-5.122679,0.004763,-917.00158,461.33
-918.39229031,-918.42083147,-918.40180403,0.0,-5.152807,0.006753,-917.001445,472.63
-918.5244562,-918.55268241,-918.53386494,0.0,-5.187254,0.008224,-917.001357,484.58
-918.65989305,-918.68829402,-918.66936004,0.0,-5.224122,0.008898,-917.001265,496.99
-918.79788718,-918.82693804,-918.8075708,0.0,-5.261441,0.008639,-917.001254,509.69
-918.93717653,-918.96732539,-918.94722615,0.0,-5.297194,0.007478,-917.001263,522.43
-919.07675414,-919.10843798,-919.08731542,0.0,-5.329359,0.005616,-917.001369,534.97
-919.21539997,-919.24900617,-919.22660203,0.0,-5.355943,0.003419,-917.001356,547.08
-919.35202487,-919.38787628,-919.36397534,0.0,-5.375026,0.001391,-917.001407,558.48
-919.485275,-919.5236355,-919.49806183,0.0,-5.384797,0.000138,-917.001478,568.9
-919.61397674,-919.6550624,-919.62767196,0.0,-5.383601,0.000315,-917.001486,578.11
-919.73704969,-919.78101494,-919.75170478,0.0,-5.369977,0.002563,-917.001377,585.87
-919.85364934,-919.90060373,-919.8693008,0.0,-5.342693,0.007446,-917.001321,591.98
-919.9626383,-920.01263879,-919.97930513,0.0,-5.30078,0.015386,-917.001152,596.26
-920.06335063,-920.11639236,-920.08103121,0.0,-5.243558,0.026608,-917.001078,598.6
-920.15508083,-920.21108818,-920.17374994,0.0,-5.170656,0.041099,-917.000861,598.93
-920.23756221,-920.29638707,-920.2571705,0.0,-5.082021,0.058597,-917.00068,597.24
-920.31027197,-920.3716933,-920.33074575,0.0,-4.977923,0.078582,-917.000414,593.54
-920.37318248,-920.43688801,-920.39441765,0.0,-4.85895,0.100311,-917.000166,587.93
-920.42625581,-920.49189266,-920.44813476,0.0,-4.725991,0.122857,-916.999959,580.54
-920.46958135,-920.53675087,-920.49197119,0.0,-4.58022,0.145171,-916.999644,571.55
-920.50358216,-920.5718639,-920.52634274,0.0,-4.423066,0.166165,-916.999313,561.15
-920.5286117,-920.59758834,-920.55160391,0.0,-4.25618,0.184773,-916.998994,549.57
-920.54528463,-920.61456554,-920.56837827,0.0,-4.0814,0.200029,-916.99869,537.06
-920.55440275,-920.62364486,-920.57748345,0.0,-3.900714,0.211134,-916.998474,523.86
-920.55660141,-920.62552706,-920.57957663,0.0,-3.716216,0.217504,-916.998236,510.24
-920.55276983,-920.62117806,-920.57557257,0.0,-3.53007,0.218803,-916.998018,496.43
-920.54370951,-920.61148203,-920.56630035,0.0,-3.34447,0.214958,-916.997856,482.64
-920.53011097,-920.59721199,-920.55247798,0.0,-3.161604,0.206151,-916.997683,469.09
-920.51277486,-920.57924721,-920.53493231,0.0,-2.983627,0.192814,-916.997503,455.94
-920.49248613,-920.55844405,-920.5144721,0.0,-2.812625,0.175588,-916.997383,443.37
-920.46995138,-920.53557187,-920.49182488,0.0,-2.650597,0.155295,-916.997252,431.5
-920.44585077,-920.51136214,-920.46768789,0.0,-2.499427,0.132891,-916.997184,420.45
-920.42074063,-920.48641127,-920.44263084,0.0,-2.36087,0.109414,-916.997105,410.32
-920.39531294,-920.46143878,-920.41735489,0.0,-2.236535,0.085948,-916.997062,401.19
-920.37003252,-920.43692472,-920.39232992,0.0,-2.127874,0.063569,-916.996959,393.13
-920.34551606,-920.41352538,-920.36818583,0.0,-2.036164,0.043304,-916.996913,386.2
-920.32205883,-920.39135083,-920.34515616,0.0,-1.96251,0.026091,-916.996888,380.42
-920.29996384,-920.37085978,-920.32359582,0.0,-1.907827,0.012744,-916.996804,375.84
-920.27955821,-920.35222359,-920.30378,0.0,-1.872843,0.003927,-916.996752,372.48
-920.26096544,-920.33545831,-920.28579639,0.0,-1.858093,0.000129,-916.996653,370.35
-920.24440788,-920.32086379,-920.26989318,0.0,-1.863915,0.001646,-916.99656,369.47
-920.22998868,-920.30837484,-920.2561174,0.0,-1.890449,0.008572,-916.9965,369.85
-920.21780949,-920.29807671,-920.24456523,0.0,-1.937633,0.020794,-916.996446,371.5
-920.2078213,-920.28988841,-920.235177,0.0,-2.005205,0.037986,-916.996347,374.43
-920.20002315,-920.28364092,-920.22789574,0.0,-2.092701,0.059624,-916.996189,378.64
-920.19430457,-920.27960334,-920.2227375,0.0,-2.199451,0.084986,-916.996075,384.12
-920.19032245,-920.27690769,-920.2191842,0.0,-2.324585,0.113188,-916.995892,390.85
-920.18798235,-920.2759202,-920.21729497,0.0,-2.467032,0.143193,-916.99571,398.83
-920.18699071,-920.27602055,-920.21666732,0.0,-2.625526,0.173856,-916.995534,408.01
-920.18707266,-920.27695316,-920.21703282,0.0,-2.798607,0.203954,-916.99528,418.37
-920.18803324,-920.27857323,-920.21821324,0.0,-2.984629,0.232229,-916.995038,429.86
-920.18942977,-920.28062346,-920.21982767,0.0,-3.181766,0.257446,-916.99493,442.4
-920.19067395,-920.28224735,-920.22119842,0.0,-3.388025,0.27845,-916.994852,455.89
-920.19143595,-920.28319914,-920.22202368,0.0,-3.601265,0.294217,-916.99479,470.23
-920.19130865,-920.28307562,-920.22189764,0.0,-3.819207,0.30391,-916.994764,485.28
-920.1896916,-920.28121972,-920.22020097,0.0,-4.03946,0.306935,-916.994721,500.87
-920.1861586,-920.27724496,-920.21652072,0.0,-4.259548,0.302996,-916.994637,516.82
-920.18027694,-920.27090381,-920.21048589,0.0,-4.476937,0.292114,-916.994593,532.9
-920.17128455,-920.26106075,-920.20120995,0.0,-4.689074,0.274671,-916.994563,548.85
-920.15877532,-920.24760262,-920.18838442,0.0,-4.893425,0.251404,-916.994661,564.4
-920.14228418,-920.23001666,-920.17152834,0.0,-5.08752,0.223377,-916.994799,579.26
-920.12129652,-920.20776334,-920.15011879,0.0,-5.269001,0.191931,-916.994834,593.13
-920.09556338,-920.18069273,-920.12393983,0.0,-5.435664,0.158617,-916.994935,605.72
-920.06490547,-920.1486898,-920.09283358,0.0,-5.585511,0.125108,-916.995067,616.75
-920.0289608,-920.11148209,-920.0564679,0.0,-5.716788,0.093076,-916.995194,625.95
-919.98721773,-920.06858132,-920.01433893,0.0,-5.828036,0.064106,-916.995213,633.07
-919.93983539,-920.02025792,-919.9666429,0.0,-5.918124,0.03956,-916.995181,637.94
-919.88687673,-919.96664026,-919.91346457,0.0,-5.98628,0.020486,-916.994985,640.43
-919.8287677,-919.90821756,-919.85525098,0.0,-6.032108,0.007543,-916.994838,640.49
-919.76568808,-919.84519827,-919.79219148,0.0,-6.055598,0.000963,-916.99461,638.12
-919.69807651,-919.77801259,-919.72472187,0.0,-6.057127,0.000546,-916.99434,633.39
-919.62652538,-919.70734756,-919.6534661,0.0,-6.037444,0.005687,-916.993994,626.44
-919.55171063,-919.63371854,-919.5790466,0.0,-5.997652,0.015444,-916.993661,617.48
-919.474075,-919.55753335,-919.50189445,0.0,-5.939175,0.028622,-916.993211,606.71
-919.39451031,-919.47958852,-919.42286972,0.0,-5.863721,0.043878,-916.992874,594.43
-919.31370112,-919.40047904,-919.3426271,0.0,-5.77324,0.059824,-916.992648,580.91
-919.23228839,-919.32072555,-919.26176744,0.0,-5.669879,0.075134,-916.992405,566.46
-919.1509781,-919.24093347,-919.18096322,0.0,-5.555933,0.088631,-916.992206,551.38
-919.07052779,-919.1617761,-919.10094389,0.0,-5.433796,0.099358,-916.992021,535.97
-918.99177212,-919.08402501,-919.02252308,0.0,-5.305915,0.106625,-916.991861,520.52
-918.91538949,-919.00832157,-918.94636685,0.0,-5.174744,0.110038,-916.991728,505.27
-918.84210071,-918.93537554,-918.87319232,0.0,-5.042705,0.109491,-916.991592,490.48
-918.77262549,-918.8659204,-918.80372379,0.0,-4.912147,0.105161,-916.991535,476.33
-918.70743722,-918.80046534,-918.73844659,0.0,-4.785317,0.09746,-916.991473,463.01
-918.64707971,-918.7396067,-918.67792204,0.0,-4.664332,0.086999,-916.99143,450.66
-918.59192818,-918.68378218,-918.62254618,0.0,-4.551153,0.074534,-916.991385,439.39
-918.54225318,-918.63333011,-918.57261216,0.0,-4.44757,0.06091,-916.99133,429.3
-918.49836772,-918.58863221,-918.52845588,0.0,-4.355188,0.047005,-916.991322,420.45
-918.46047165,-918.54995302,-918.49029878,0.0,-4.27541,0.033688,-916.991369,412.9
-918.42855823,-918.51734098,-918.45815248,0.0,-4.209437,0.021765,-916.991345,406.69
-918.40283324,-918.49104775,-918.43223808,0.0,-4.158255,0.011949,-916.991345,401.84
-918.38326142,-918.47107163,-918.41253149,0.0,-4.122636,0.004821,-916.991327,398.37
-918.36975544,-918.45734692,-918.3989526,0.0,-4.103132,0.000809,-916.991298,396.27
-918.36207776,-918.4496457,-918.39126707,0.0,-4.100075,0.000172,-916.991262,395.54
-918.3600833,-918.44782142,-918.38932934,0.0,-4.113581,0.002989,-916.991215,396.18
-918.36353903,-918.45162999,-918.39290269,0.0,-4.14355,0.009162,-916.991157,398.15
-918.37203718,-918.46064587,-918.40157341,0.0,-4.189669,0.018419,-916.991085,401.43
-918.38518194,-918.47444999,-918.41493796,0.0,-4.251415,0.030326,-916.990998,405.99
-918.40251992,-918.49256174,-918.43253386,0.0,-4.328065,0.044313,-916.990923,411.78
-918.42353614,-918.51443572,-918.453836,0.0,-4.418698,0.059692,-916.990843,418.75
-918.44771621,-918.53952476,-918.47831906,0.0,-4.522208,0.075694,-916.990766,426.83
-918.47455843,-918.56729477,-918.50547055,0.0,-4.637312,0.091505,-916.990706,435.96
-918.50338256,-918.59703229,-918.53459914,0.0,-4.762559,0.106297,-916.990657,446.03
-918.533346,-918.62786117,-918.56485106,0.0,-4.896351,0.119283,-916.99058,456.94
-918.56368492,-918.658983,-918.59545095,0.0,-5.036954,0.129755,-916.99056,468.54
-918.5934101,-918.68937361,-918.62539793,0.0,-5.182526,0.137128,-916.990487,480.69
-918.621901,-918.71837917,-918.65406039,0.0,-5.331137,0.140976,-916.990544,493.21
-918.64822443,-918.74503824,-918.6804957,0.0,-5.480799,0.141061,-916.99059,505.92
-918.67155881,-918.76850762,-918.70387508,0.0,-5.629492,0.137349,-916.99066,518.62
-918.6910358,-918.78789438,-918.72332199,0.0,-5.775199,0.13003,-916.990708,531.09
-918.70595776,-918.80248175,-918.73813243,0.0,-5.91594,0.119499,-916.990806,543.1
-918.71546475,-918.81140825,-918.74744591,0.0,-6.049809,0.106345,-916.990893,554.41
-918.71890759,-918.81401869,-918.75061129,0.0,-6.175008,0.091314,-916.990855,564.8
-918.71582242,-918.80987769,-918.74717418,0.0,-6.289888,0.075252,-916.990752,574.06
-918.70565518,-918.79844941,-918.73658659,0.0,-6.39298,0.059061,-916.990576,581.96
-918.68814607,-918.779497,-918.71859638,0.0,-6.483029,0.043626,-916.990466,588.33
-918.66282937,-918.75258612,-918.69274828,0.0,-6.559024,0.029755,-916.990289,593.01
-918.62971466,-918.71776329,-918.6590642,0.0,-6.620221,0.01812,-916.99009,595.89
-918.58904585,-918.67531323,-918.61780164,0.0,-6.666163,0.009204,-916.989908,596.93
-918.54109557,-918.62556868,-918.56925327,0.0,-6.696683,0.003274,-916.989717,596.11
-918.48639231,-918.56909136,-918.51395866,0.0,-6.711912,0.000369,-916.989557,593.48
-918.42550114,-918.50635486,-918.45245238,0.0,-6.712266,0.000303,-916.98938,589.12
-918.35917073,-918.43838986,-918.3855771,0.0,-6.698438,0.002701,-916.98918,583.17
-918.2882156,-918.36593516,-918.31412212,0.0,-6.671374,0.007031,-916.98894,575.78
-918.21350892,-918.29001242,-918.23901008,0.0,-6.632243,0.01266,-916.988614,567.17
-918.13613287,-918.21152672,-918.16126415,0.0,-6.582415,0.018916,-916.988289,557.54
-918.05692344,-918.13135334,-918.08173341,0.0,-6.523417,0.025134,-916.987963,547.13
-917.97699777,-918.05076876,-918.0015881,0.0,-6.456903,0.030713,-916.987688,536.15
-917.89745727,-917.97077164,-917.9218954,0.0,-6.384615,0.03516,-916.987415,524.88
-917.81925315,-917.89228394,-917.84359674,0.0,-6.308345,0.038118,-916.987169,513.51
-917.74321238,-917.816085,-917.76750325,0.0,-6.229896,0.039379,-916.986884,502.27
-917.67032611,-917.74311091,-917.69458771,0.0,-6.151053,0.038893,-916.986635,491.35
-917.6014379,-917.67414235,-917.62567271,0.0,-6.073551,0.036755,-916.986476,480.93
-917.53697431,-917.60954198,-917.56116353,0.0,-5.999044,0.033191,-916.986248,471.16
-917.47763913,-917.54995252,-917.50174359,0.0,-5.929084,0.028526,-916.986067,462.16
-917.42387466,-917.49576403,-917.44783779,0.0,-5.8651,0.023162,-916.98592,454.05
-917.37598043,-917.447239,-917.39973328,0.0,-5.808382,0.01754,-916.985804,446.9
-917.3343617,-917.4047609,-917.3578281,0.0,-5.760065,0.012107,-916.98573,440.79
-917.29910282,-917.36840926,-917.32220497,0.0,-5.721119,0.007295,-916.985595,435.79
-917.27040539,-917.33839542,-917.29306873,0.0,-5.692338,0.003483,-916.985455,431.92
-917.24840859,-917.31486315,-917.27056011,0.0,-5.674339,0.00098,-916.985295,429.22
-917.23307603,-917.29788428,-917.25467878,0.0,-5.66755,8e-06,-916.985153,427.7
-917.22431237,-917.28736548,-917.24533007,0.0,-5.672211,0.000684,-916.985022,427.36
-917.2218635,-917.283084,-917.24227034,0.0,-5.688378,0.003022,-916.984887,428.2
-917.22534465,-917.28473337,-917.24514089,0.0,-5.715918,0.006927,-916.984711,430.17
-917.23447518,-917.29206858,-917.25367298,0.0,-5.754517,0.012204,-916.984507,433.25
-917.24889989,-917.30477951,-917.26752643,0.0,-5.803686,0.01857,-916.984309,437.41
-917.26800302,-917.32226036,-917.2860888,0.0,-5.862765,0.025666,-916.984226,442.55
-917.2911463,-917.3439834,-917.30875866,0.0,-5.930938,0.033089,-916.984224,448.62
-917.31772856,-917.36935254,-917.33493656,0.0,-6.007241,0.040404,-916.98419,455.53
-917.34711801,-917.39776914,-917.36400172,0.0,-6.090576,0.047174,-916.984164,463.19
-917.37858186,-917.42852712,-917.39523028,0.0,-6.179727,0.052987,-916.984133,471.49
-917.4111913,-917.46071575,-917.42769945,0.0,-6.273374,0.057486,-916.984089,480.3
-917.44416736,-917.49356068,-917.4606318,0.0,-6.37012,0.060388,-916.984154,489.47
-917.47643289,-917.5259758,-917.49294719,0.0,-6.468509,0.061508,-916.984126,498.83
-917.50714001,-917.55709047,-917.52379016,0.0,-6.567054,0.060772,-916.984131,508.23
-917.53552729,-917.58611365,-917.55238941,0.0,-6.664263,0.058226,-916.984187,517.49
-917.56084203,-917.61224873,-917.5779776,0.0,-6.758664,0.054025,-916.984212,526.45
-917.58235229,-917.63471372,-917.5998061,0.0,-6.848836,0.048433,-916.984254,534.93
-917.59919821,-917.65259947,-917.61699863,0.0,-6.933432,0.041802,-916.984273,542.74
-917.61068809,-917.66516773,-917.62884797,0.0,-7.011213,0.034549,-916.98426,549.72
-917.61649038,-917.6720478,-917.63500952,0.0,-7.08107,0.027123,-916.984301,555.72
-917.61613421,-917.67273729,-917.6350019,0.0,-7.142049,0.019972,-916.984296,560.62
-917.60933401,-917.66692193,-917.62852999,0.0,-7.193374,0.013511,-916.984339,564.31
-917.59578517,-917.65428823,-917.61528619,0.0,-7.234458,0.008088,-916.98429,566.69
-917.57547236,-917.6348196,-917.59525477,0.0,-7.264923,0.003962,-916.984177,567.73
-917.54854569,-917.60867338,-917.56858825,0.0,-7.284604,0.001283,-916.984063,567.41
-917.51529792,-917.57615836,-917.53558473,0.0,-7.293551,8.3e-05,-916.983936,565.75
-917.47611696,-917.53768477,-917.49663956,0.0,-7.292029,0.00028,-916.983801,562.8
-917.43146603,-917.49374101,-917.45222436,0.0,-7.280504,0.00169,-916.983707,558.65
-917.38175017,-917.44475592,-917.40275208,0.0,-7.259638,0.004046,-916.98358,553.38
-917.32765642,-917.39143362,-917.34891549,0.0,-7.230265,0.007022,-916.983422,547.14
-917.26992608,-917.33452205,-917.29145807,0.0,-7.193376,0.010267,-916.983303,540.08
-917.20930734,-917.2747639,-917.23112619,0.0,-7.150092,0.013429,-916.98315,532.35
-917.14659143,-917.21293423,-917.1687057,0.0,-7.101642,0.016193,-916.982989,524.12
-917.08273255,-917.14996876,-917.10514462,0.0,-7.049331,0.018295,-916.982951,515.57
-917.01845966,-917.08652686,-917.04114873,0.0,-6.994516,0.019549,-916.982798,506.88
-916.95473028,-917.02354057,-916.97766704,0.0,-6.938577,0.019853,-916.982705,498.21
-916.8921082,-916.9615492,-916.9152552,0.0,-6.88289,0.019197,-916.982565,489.72
-916.83146186,-916.90138924,-916.85477099,0.0,-6.828805,0.017653,-916.982473,481.54
-916.77365307,-916.84390392,-916.79707002,0.0,-6.77762,0.015376,-916.982387,473.83
-916.71945444,-916.78986012,-916.742923,0.0,-6.730558,0.012582,-916.98229,466.72
-916.66947102,-916.73986899,-916.69293701,0.0,-6.68875,0.009533,-916.982188,460.31
-916.62412606,-916.6943691,-916.64754041,0.0,-6.653213,0.006512,-916.982081,454.69
-916.58391327,-916.65387636,-916.6072343,0.0,-6.62484,0.003805,-916.98201,449.93
-916.54933101,-916.61891184,-916.57252462,0.0,-6.604387,0.001677,-916.981932,446.11
-916.5208981,-916.59001392,-916.5439367,0.0,-6.592459,0.000357,-916.98183,443.29
-916.4990702,-916.56765139,-916.52193059,0.0,-6.589504,1.7e-05,-916.981766,441.53
-916.48404903,-916.5520311,-916.50670972,0.0,-6.595802,0.000758,-916.981689,440.85
-916.47602306,-916.54333901,-916.49846171,0.0,-6.61146,0.002606,-916.981612,441.28
-916.47514244,-916.54171775,-916.49733421,0.0,-6.636411,0.005501,-916.981573,442.81
-916.48145498,-916.54720762,-916.50337253,0.0,-6.670412,0.009304,-916.981508,445.46
-916.49493083,-916.55977574,-916.5165458,0.0,-6.713041,0.013799,-916.981382,449.2
-916.51561255,-916.57947017,-916.53689842,0.0,-6.763705,0.018708,-916.981313,454.0
-916.54325849,-916.60606545,-916.56419414,0.0,-6.82164,0.023703,-916.981235,459.84
-916.5775396,-916.63925802,-916.5981124,0.0,-6.885919,0.028431,-916.981111,466.63
-916.61824499,-916.67890265,-916.63846421,0.0,-6.955464,0.032537,-916.981004,474.31
-916.66494908,-916.72449927,-916.68479914,0.0,-7.029054,0.035689,-916.980933,482.79
-916.71703724,-916.77559193,-916.73655547,0.0,-7.105343,0.037607,-916.980881,491.93
-916.77384002,-916.83137101,-916.79301702,0.0,-7.182879,0.038092,-916.980823,501.62
-916.83487129,-916.89144062,-916.85372773,0.0,-7.260123,0.037043,-916.980785,511.69
-916.89955567,-916.95515068,-916.91808734,0.0,-7.335476,0.034477,-916.980835,522.0
-916.96699216,-917.02155347,-916.98517927,0.0,-7.407301,0.030541,-916.980812,532.35
-917.03656694,-917.08998517,-917.05437302,0.0,-7.473955,0.025512,-916.980844,542.57
-917.10740397,-917.1595321,-917.12478002,0.0,-7.533814,0.019788,-916.980946,552.42
-917.1783475,-917.22906231,-917.19525244,0.0,-7.585315,0.013872,-916.9809,561.71
-917.24860434,-917.29771967,-917.26497611,0.0,-7.626984,0.008341,-916.980871,570.2
-917.31728475,-917.36470475,-917.33309142,0.0,-7.657472,0.003803,-916.980779,577.7
-917.38380462,-917.4295027,-917.39903731,0.0,-7.675587,0.000855,-916.980707,584.04
-917.44747484,-917.4915119,-917.46215386,0.0,-7.680324,3e-05,-916.980589,589.06
-917.50772148,-917.550247,-917.52189665,0.0,-7.670888,0.001755,-916.980467,592.61
-917.56412893,-917.60535789,-917.57787192,0.0,-7.646712,0.006309,-916.980401,594.62
-917.61628356,-917.65652826,-917.62969846,0.0,-7.607479,0.013795,-916.980324,595.02
-917.66390411,-917.7034587,-917.67708897,0.0,-7.553127,0.02412,-916.980191,593.79
-917.70685818,-917.74605606,-917.71992414,0.0,-7.483848,0.037,-916.97994,590.98
-917.74523216,-917.78435273,-917.75827235,0.0,-7.400091,0.051968,-916.979751,586.63
-917.77880259,-917.81808689,-917.79189735,0.0,-7.302547,0.068405,-916.97943,580.84
-917.80798655,-917.8476127,-917.82119527,0.0,-7.192135,0.085579,-916.979114,573.75
-917.8331765,-917.87325491,-917.84653597,0.0,-7.069981,0.102699,-916.978753,565.52
-917.85484856,-917.89542347,-917.86837353,0.0,-6.937391,0.118963,-916.978419,556.35
-917.8733492,-917.91440437,-917.88703425,0.0,-6.795821,0.133612,-916.978189,546.41
-917.88889613,-917.93036482,-917.90271903,0.0,-6.64685,0.145963,-916.977846,535.9
-917.90228892,-917.94406374,-917.91621386,0.0,-6.492148,0.155464,-916.977626,525.01
-917.91385762,-917.95580084,-917.92783869,0.0,-6.333444,0.161712,-916.977318,513.94
-917.92436268,-917.9663166,-917.93834732,0.0,-6.172496,0.164472,-916.977044,502.88
-917.93437538,-917.9761707,-917.94830716,0.0,-6.011061,0.163687,-916.976772,492.01
-917.94454502,-917.98600752,-917.95836585,0.0,-5.850864,0.159468,-916.976618,481.48
-917.95534261,-917.9962984,-917.96899454,0.0,-5.693578,0.152078,-916.976493,471.43
-917.96718076,-918.00746261,-917.98060804,0.0,-5.540801,0.141913,-916.97634,461.99
-917.9806524,-918.020106,-917.9938036,0.0,-5.394031,0.129471,-916.976211,453.26
-917.99629179,-918.03477691,-918.00912017,0.0,-5.254656,0.115331,-916.976123,445.34
-918.01431807,-918.05171074,-918.0267823,0.0,-5.123934,0.100109,-916.976008,438.3
-918.03503199,-918.07122342,-918.0470958,0.0,-5.002982,0.084432,-916.975841,432.2
-918.05889843,-918.09379547,-918.07053078,0.0,-4.892771,0.068907,-916.975762,427.09
-918.08608746,-918.11961226,-918.09726239,0.0,-4.794113,0.0541,-916.975648,423.0
-918.11683058,-918.14892016,-918.1275271,0.0,-4.707657,0.040508,-916.975507,419.96
-918.1512185,-918.18182405,-918.16142035,0.0,-4.633887,0.02854,-916.975355,417.99
-918.18918635,-918.21827283,-918.19888184,0.0,-4.573115,0.018506,-916.975225,417.08
-918.23087062,-918.2584183,-918.24005318,0.0,-4.525486,0.010605,-916.975143,417.23
-918.27639381,-918.30240079,-918.28506281,0.0,-4.490978,0.004927,-916.975038,418.44
-918.32566437,-918.35014675,-918.33382516,0.0,-4.469398,0.001452,-916.974912,420.7
-918.37856113,-918.40151312,-918.38621179,0.0,-4.460386,5.1e-05,-916.974772,423.99
-918.43503868,-918.45655487,-918.44221074,0.0,-4.463421,0.0005,-916.974641,428.27
-918.49490808,-918.51508512,-918.50163376,0.0,-4.477823,0.002492,-916.974516,433.5
-918.55778281,-918.57679262,-918.56411941,0.0,-4.50276,0.005658,-916.974346,439.63
-918.62357432,-918.6416322,-918.62959361,0.0,-4.53726,0.009585,-916.974206,446.61
-918.69199531,-918.70937926,-918.69778996,0.0,-4.580212,0.01384,-916.974067,454.37
-918.76259375,-918.77965697,-918.76828149,0.0,-4.630387,0.017995,-916.973931,462.81
-918.83490398,-918.85207745,-918.84062847,0.0,-4.686442,0.021655,-916.973735,471.84
-918.90861122,-918.92639593,-918.91453945,0.0,-4.746945,0.02448,-916.973643,481.34
-918.98307612,-919.00210934,-918.98942053,0.0,-4.810384,0.02621,-916.97358,491.19
-919.05781939,-919.07856747,-919.06473542,0.0,-4.875196,0.026684,-916.973593,501.25
-919.13220666,-919.15511285,-919.13984206,0.0,-4.939785,0.025848,-916.973593,511.36
-919.20563085,-919.23112253,-919.21412808,0.0,-5.002544,0.023769,-916.973553,521.36
-919.27760261,-919.30599622,-919.28706715,0.0,-5.061886,0.020628,-916.973572,531.08
-919.34734033,-919.37884047,-919.35784038,0.0,-5.116267,0.016713,-916.97355,540.34
-919.41432129,-919.44901083,-919.42588447,0.0,-5.164218,0.0124,-916.973564,548.96
-919.47802636,-919.51592331,-919.49065868,0.0,-5.204369,0.008125,-916.973541,556.78
-919.53808459,-919.57916582,-919.55177833,0.0,-5.235479,0.004354,-916.973557,563.64
-919.59387931,-919.63810268,-919.60862043,0.0,-5.256458,0.001544,-916.97354,569.4
-919.64494367,-919.69219861,-919.66069532,0.0,-5.266393,0.000111,-916.9735,573.91
-919.69104074,-919.74125918,-919.70778022,0.0,-5.264566,0.000389,-916.973416,577.1
-919.7318686,-919.78495615,-919.74956445,0.0,-5.250471,0.002602,-916.97326,578.88
-919.76718373,-919.82303339,-919.78580028,0.0,-5.223825,0.006841,-916.973089,579.22
-919.79703796,-919.85552302,-919.81653298,0.0,-5.184576,0.013054,-916.972966,578.1
-919.82133084,-919.88229707,-919.84165292,0.0,-5.1329,0.021045,-916.972753,575.55
-919.8402548,-919.90351327,-919.86134096,0.0,-5.069202,0.030481,-916.97254,571.65
-919.85397459,-919.91929863,-919.87574927,0.0,-4.994102,0.040921,-916.972311,566.47
-919.86269352,-919.92981828,-919.88506844,0.0,-4.90842,0.051841,-916.97208,560.14
-919.86672005,-919.93534773,-919.88959594,0.0,-4.813164,0.062669,-916.971805,552.78
-919.86656117,-919.93638246,-919.88983493,0.0,-4.709502,0.07283,-916.971601,544.55
-919.86264577,-919.93332218,-919.88620457,0.0,-4.59874,0.081777,-916.971445,535.62
-919.85546842,-919.92668096,-919.87920593,0.0,-4.482296,0.089034,-916.971247,526.18
-919.84570768,-919.91716449,-919.86952662,0.0,-4.36167,0.094221,-916.971159,516.38
-919.83371514,-919.90514833,-919.8575262,0.0,-4.238417,0.097073,-916.971049,506.4
-919.81997509,-919.89116739,-919.84370586,0.0,-4.114122,0.097458,-916.970928,496.4
-919.80502552,-919.8758114,-919.82862082,0.0,-3.990374,0.095373,-916.97083,486.53
-919.78946476,-919.85972884,-919.81288612,0.0,-3.868739,0.090948,-916.970747,476.94
-919.77390377,-919.84357839,-919.79712864,0.0,-3.750741,0.084432,-916.970693,467.76
-919.75885263,-919.82791147,-919.78187225,0.0,-3.637839,0.076179,-916.970688,459.1
-919.74451515,-919.81296426,-919.76733152,0.0,-3.531407,0.066617,-916.970639,451.07
-919.73128813,-919.79915557,-919.75391061,0.0,-3.432722,0.05623,-916.970591,443.73
-919.71952067,-919.78684709,-919.74196281,0.0,-3.342949,0.04553,-916.970588,437.16
-919.70937676,-919.77620563,-919.73165305,0.0,-3.263131,0.035032,-916.970584,431.42
-919.70119429,-919.76756417,-919.72331758,0.0,-3.194182,0.02523,-916.970558,426.55
-919.69529997,-919.76123817,-919.71727937,0.0,-3.136874,0.016577,-916.970542,422.61
-919.69174672,-919.75726729,-919.71358691,0.0,-3.091834,0.009463,-916.970516,419.61
-919.69050963,-919.7556129,-919.71221072,0.0,-3.059537,0.004199,-916.970475,417.57
-919.6916013,-919.7562669,-919.7131565,0.0,-3.040308,0.001005,-916.970454,416.49
-919.69497996,-919.75917691,-919.71637894,0.0,-3.034319,3e-06,-916.970427,416.38
-919.7005623,-919.76425055,-919.72179172,0.0,-3.041588,0.001213,-916.970385,417.22
-919.70815843,-919.77129128,-919.72920271,0.0,-3.06198,0.004556,-916.970318,419.01
-919.71759171,-919.78011918,-919.7384342,0.0,-3.095211,0.009854,-916.97027,421.71
-919.7286941,-919.79056848,-919.74931889,0.0,-3.140853,0.016842,-916.970202,425.32
-919.74128684,-919.80246702,-919.76168023,0.0,-3.198332,0.025177,-916.970144,429.78
-919.7549711,-919.81542854,-919.77512358,0.0,-3.26694,0.034455,-916.97005,435.07
-919.76949423,-919.82921804,-919.78940217,0.0,-3.345835,0.044227,-916.96999,441.12
-919.78452507,-919.84352791,-919.80419268,0.0,-3.434058,0.054022,-916.969934,447.88
-919.79959784,-919.85792369,-919.81903979,0.0,-3.530534,0.063362,-916.969847,455.28
-919.81439638,-919.87212644,-919.83363973,0.0,-3.634088,0.071795,-916.969833,463.23
-919.82830838,-919.88556463,-919.8473938,0.0,-3.743458,0.078907,-916.969749,471.63
-919.84087657,-919.89782199,-919.85985838,0.0,-3.857308,0.08435,-916.969666,480.39
-919.85173421,-919.90856742,-919.87067861,0.0,-3.974248,0.08786,-916.969619,489.38
-919.86042256,-919.91736518,-919.87940343,0.0,-4.092851,0.089266,-916.969539,498.48
-919.86647783,-919.92375315,-919.8855696,0.0,-4.21167,0.088504,-916.969452,507.57
-919.86947725,-919.92728425,-919.88874625,0.0,-4.329262,0.085622,-916.969414,516.5
-919.8689567,-919.92744404,-919.88845248,0.0,-4.444207,0.08078,-916.969425,525.13
-919.86435478,-919.92359799,-919.88410252,0.0,-4.555137,0.074236,-916.969394,533.29
-919.85551778,-919.9155076,-919.87551439,0.0,-4.660755,0.066338,-916.969436,540.85
-919.84194457,-919.90257943,-919.86215619,0.0,-4.75986,0.057493,-916.969443,547.68
-919.8233569,-919.88444725,-919.84372035,0.0,-4.851369,0.048153,-916.96943,553.63
-919.79962647,-919.86092674,-919.82005989,0.0,-4.934335,0.038775,-916.969413,558.59
-919.77057776,-919.83180712,-919.79098755,0.0,-5.007973,0.029798,-916.969415,562.46
-919.73625591,-919.79712684,-919.75654622,0.0,-5.071665,0.021611,-916.969388,565.18
-919.69661587,-919.75686071,-919.71669749,0.0,-5.124981,0.014532,-916.969306,566.68
-919.65180955,-919.7112057,-919.67160827,0.0,-5.167681,0.008786,-916.96924,566.95
-919.60223127,-919.66062045,-919.62169433,0.0,-5.199723,0.004497,-916.969173,566.0
-919.54817341,-919.60547605,-919.56727429,0.0,-5.221258,0.001681,-916.969076,563.86
-919.49005795,-919.54627986,-919.50879859,0.0,-5.232624,0.000257,-916.969007,560.59
-919.42838233,-919.48361601,-919.44679356,0.0,-5.234342,5.5e-05,-916.968892,556.27
-919.36360897,-919.41802541,-919.38174779,0.0,-5.227097,0.000838,-916.968793,551.02
-919.29618138,-919.34999908,-919.31412061,0.0,-5.211722,0.002324,-916.968726,544.93
-919.22685409,-919.2803959,-919.24470136,0.0,-5.189183,0.004211,-916.968594,538.16
-919.15640964,-919.20997538,-919.17426489,0.0,-5.160557,0.006203,-916.968474,530.86
-919.08541108,-919.13931941,-919.10338052,0.0,-5.127002,0.008034,-916.96835,523.18
-919.01441853,-919.06899373,-919.03261027,0.0,-5.089736,0.009482,-916.968214,515.26
-918.9440937,-918.99961835,-918.96260192,0.0,-5.050019,0.010391,-916.968085,507.24
-918.8751975,-918.93191089,-918.89410196,0.0,-5.009123,0.01067,-916.967969,499.29
-918.80818279,-918.86627314,-918.82754624,0.0,-4.968309,0.010306,-916.967799,491.54
-918.7436017,-918.80315098,-918.76345146,0.0,-4.92881,0.009351,-916.967684,484.09
-918.68188297,-918.74306607,-918.70227734,0.0,-4.891809,0.007918,-916.967604,477.06
-918.62339342,-918.68613564,-918.6443075,0.0,-4.858422,0.006172,-916.967512,470.55
-918.56842365,-918.63278724,-918.58987818,0.0,-4.829683,0.004311,-916.967406,464.64
-918.51727543,-918.58314325,-918.53923137,0.0,-4.806529,0.002553,-916.967316,459.4
-918.47036063,-918.53762647,-918.49278258,0.0,-4.789794,0.001119,-916.967273,454.91
-918.42793197,-918.49646344,-918.4507758,0.0,-4.780191,0.000217,-916.967234,451.21
-918.3900242,-918.4596722,-918.4132402,0.0,-4.778308,2.8e-05,-916.967195,448.35
-918.3565567,-918.42716353,-918.38009231,0.0,-4.784597,0.000691,-916.967141,446.34
-918.327608,-918.39902131,-918.35141244,0.0,-4.79938,0.002295,-916.967113,445.2
-918.30298125,-918.37504668,-918.32700306,0.0,-4.822835,0.004873,-916.967028,444.94
-918.28244888,-918.35503148,-918.30664308,0.0,-4.855006,0.008398,-916.966949,445.53
-918.26590004,-918.33888439,-918.29022816,0.0,-4.895798,0.012785,-916.966868,446.97
-918.25323945,-918.32653545,-918.27767145,0.0,-4.944983,0.01789,-916.96688,449.24
-918.24393804,-918.31748469,-918.26845359,0.0,-5.002199,0.023524,-916.966844,452.3
-918.23770963,-918.3114785,-918.26229926,0.0,-5.066962,0.029454,-916.96682,456.11
-918.23418766,-918.30818442,-918.25885324,0.0,-5.138666,0.035423,-916.966767,460.61
-918.2329042,-918.30716914,-918.25765918,0.0,-5.216596,0.041156,-916.966734,465.74
-918.23323226,-918.30783907,-918.25810119,0.0,-5.299939,0.046383,-916.966699,471.41
-918.23464454,-918.30969634,-918.25966181,0.0,-5.387792,0.050853,-916.966689,477.55
-918.23644075,-918.31206513,-918.26164888,0.0,-5.479181,0.054344,-916.966628,484.04
-918.23813089,-918.31447168,-918.26357782,0.0,-5.573078,0.056683,-916.966586,490.78
-918.23918435,-918.31639273,-918.26492048,0.0,-5.668409,0.057753,-916.9666,497.67
-918.23883686,-918.31705114,-918.26490829,0.0,-5.76408,0.0575,-916.966544,504.59
-918.23652364,-918.31588564,-918.26297764,0.0,-5.858995,0.055941,-916.966366,511.41
-918.23182221,-918.31244023,-918.25869489,0.0,-5.952069,0.053156,-916.966152,518.01
-918.22435265,-918.30630312,-918.25166947,0.0,-6.042253,0.049291,-916.966058,524.28
-918.21353505,-918.29685202,-918.24130737,0.0,-6.128552,0.044546,-916.965867,530.09
-918.19908733,-918.28370606,-918.22729358,0.0,-6.210043,0.039159,-916.965776,535.34
-918.18049693,-918.26643675,-918.20914354,0.0,-6.285893,0.033398,-916.965661,539.9
-918.15772843,-918.24478184,-918.18674624,0.0,-6.355377,0.027536,-916.965493,543.72
-918.13088356,-918.21890291,-918.16022335,0.0,-6.417889,0.021834,-916.96532,546.72
-918.10001923,-918.1887386,-918.12959235,0.0,-6.472953,0.016527,-916.96508,548.87
-918.0652928,-918.15440721,-918.0949976,0.0,-6.520225,0.011809,-916.964819,550.14
-918.026963,-918.11610515,-918.05667705,0.0,-6.559505,0.007824,-916.964657,550.51
-917.98533269,-918.0741426,-918.01493599,0.0,-6.590735,0.00466,-916.964567,549.99
-917.94075131,-918.02883631,-917.97011298,0.0,-6.613995,0.002348,-916.964464,548.62
-917.89389317,-917.9808595,-917.92288194,0.0,-6.629502,0.000862,-916.964409,546.47
-917.84542768,-917.9308967,-917.87391735,0.0,-6.637599,0.000127,-916.964311,543.61
-917.79613517,-917.87975956,-917.82400997,0.0,-6.638739,3.1e-05,-916.964231,540.14
-917.74654175,-917.82803445,-917.77370599,0.0,-6.633472,0.000436,-916.964044,536.16
-917.69726136,-917.77635757,-917.72362676,0.0,-6.62243,0.001192,-916.963769,531.76
-917.64896704,-917.72547215,-917.67446874,0.0,-6.606312,0.002149,-916.963454,527.06
-917.60222991,-917.6760089,-917.62682291,0.0,-6.585864,0.003165,-916.963131,522.15
-917.55781067,-917.6287808,-917.58146738,0.0,-6.561864,0.004119,-916.962885,517.15
-917.51628057,-917.58440572,-917.53898895,0.0,-6.535107,0.004914,-916.962593,512.18
-917.47801601,-917.54329913,-917.49977705,0.0,-6.506382,0.005484,-916.96239,507.31
-917.44337505,-917.5058528,-917.46420096,0.0,-6.476462,0.00579,-916.962315,502.62
-917.41282857,-917.47256083,-917.43273932,0.0,-6.446091,0.005824,-916.962285,498.22
-917.38672501,-917.44376949,-917.40573984,0.0,-6.415969,0.005602,-916.962192,494.18
-917.36520135,-917.41969127,-917.38336466,0.0,-6.386738,0.005162,-916.96199,490.55
-917.34838054,-917.40042309,-917.36572806,0.0,-6.358973,0.004555,-916.961754,487.39
-917.33653525,-917.38625796,-917.35310949,0.0,-6.333177,0.00384,-916.961605,484.73
-917.32943314,-917.37697657,-917.34528095,0.0,-6.309771,0.003079,-916.961404,482.59
-917.32700978,-917.3725249,-917.34218149,0.0,-6.289096,0.00233,-916.961204,480.99
-917.32927683,-917.37292006,-917.34382457,0.0,-6.271405,0.001641,-916.961019,479.94
-917.33602926,-917.3779563,-917.35000494,0.0,-6.256867,0.001053,-916.960839,479.43
-917.34701115,-917.38737161,-917.36046464,0.0,-6.245561,0.00059,-916.960639,479.46
-917.36201653,-917.40094652,-917.37499319,0.0,-6.237485,0.000264,-916.96052,479.99
-917.38060552,-917.4182309,-917.39314731,0.0,-6.232553,7.2e-05,-916.960393,481.0
-917.40253583,-917.43895654,-917.41467607,0.0,-6.230606,2e-06,-916.960339,482.46
-917.42748049,-917.46280182,-917.43925427,0.0,-6.231412,2.8e-05,-916.960251,484.32
-917.45500406,-917.48930502,-917.46643771,0.0,-6.234677,0.000123,-916.960116,486.55
-917.48458169,-917.51793806,-917.49570048,0.0,-6.240045,0.000252,-916.959942,489.08
-917.51595224,-917.54845392,-917.52678613,0.0,-6.247115,0.000385,-916.959795,491.86
-917.54873338,-917.58048839,-917.55931838,0.0,-6.255447,0.000493,-916.959588,494.84
-917.58260047,-917.61368127,-917.59296074,0.0,-6.264566,0.000555,-916.959384,497.96
-917.61711654,-917.64773415,-917.62732241,0.0,-6.273979,0.00056,-916.959197,501.15
-917.65190073,-917.68223324,-917.66201157,0.0,-6.283179,0.000506,-916.958915,504.35
-917.6868222,-917.71705688,-917.69690042,0.0,-6.291656,0.000402,-916.958673,507.52
-917.72149581,-917.75182753,-917.73160638,0.0,-6.298909,0.000267,-916.958481,510.57
-917.75577855,-917.78636681,-917.76597464,0.0,-6.304454,0.000132,-916.958436,513.46
-917.78949103,-917.8204764,-917.79981949,0.0,-6.30783,3e-05,-916.958389,516.16
-917.82252613,-917.85400677,-917.83301967,0.0,-6.30861,2e-06,-916.958321,518.61
-917.85484079,-917.88686636,-917.86551598,0.0,-6.306405,9e-05,-916.958238,520.78
-917.88644383,-917.91900919,-917.89729895,0.0,-6.30087,0.000334,-916.958244,522.65
-917.91706048,-917.95010482,-917.92807526,0.0,-6.291707,0.000768,-916.958164,524.18
-917.94683856,-917.98025094,-917.95797602,0.0,-6.278675,0.00142,-916.958116,525.34
-917.97583543,-918.00946832,-917.98704639,0.0,-6.261589,0.002309,-916.957955,526.15
-918.0041686,-918.0378384,-918.01539187,0.0,-6.24032,0.003443,-916.957695,526.6
-918.03196685,-918.06545597,-918.04312989,0.0,-6.214797,0.004817,-916.957442,526.68
-918.05935299,-918.09240535,-918.07037044,0.0,-6.185007,0.006415,-916.957267,526.41
-918.08649274,-918.11889098,-918.09729215,0.0,-6.150993,0.008208,-916.95721,525.78
-918.11338003,-918.14489263,-918.12388423,0.0,-6.112856,0.010158,-916.957104,524.84
-918.14019192,-918.17059286,-918.15032557,0.0,-6.070745,0.012219,-916.95703,523.59
-918.16702814,-918.19610172,-918.17671933,0.0,-6.024858,0.014336,-916.956948,522.06
-918.19405277,-918.22159885,-918.2032348,0.0,-5.975439,0.016453,-916.95689,520.29
-918.22139545,-918.24723583,-918.23000891,0.0,-5.922767,0.018511,-916.956799,518.32
-918.24904129,-918.27303016,-918.25703758,0.0,-5.867157,0.020453,-916.956645,516.17
-918.27713303,-918.29917307,-918.28447971,0.0,-5.80895,0.022226,-916.956589,513.87
-918.30562894,-918.32569249,-918.31231679,0.0,-5.748512,0.023781,-916.95654,511.45
-918.33454566,-918.35269863,-918.34059665,0.0,-5.686227,0.025076,-916.956471,508.95
-918.36384943,-918.38026063,-918.36931983,0.0,-5.622493,0.026077,-916.956383,506.39
-918.39355412,-918.40852523,-918.39854449,0.0,-5.557716,0.026761,-916.956265,503.82
-918.4236623,-918.43762947,-918.42831802,0.0,-5.492304,0.027115,-916.956151,501.25
-918.45412011,-918.46762565,-918.45862196,0.0,-5.426667,0.027133,-916.956081,498.71
-918.48485705,-918.49850186,-918.48940532,0.0,-5.361209,0.026821,-916.956003,496.23
-918.51588654,-918.53031919,-918.52069742,0.0,-5.296323,0.026194,-916.955983,493.82
-918.54701417,-918.56280958,-918.55227931,0.0,-5.232391,0.025276,-916.955912,491.52
-918.57809031,-918.59573571,-918.58397211,0.0,-5.169779,0.024094,-916.955807,489.34
-918.60894469,-918.62879514,-918.61556151,0.0,-5.108834,0.022685,-916.955802,487.26
-918.63931128,-918.66158939,-918.64673731,0.0,-5.049886,0.021084,-916.955743,485.32
-918.6691795,-918.69396171,-918.67744023,0.0,-4.993245,0.019333,-916.95567,483.51
-918.69826631,-918.72555416,-918.70736226,0.0,-4.939196,0.017474,-916.955515,481.85
-918.72656194,-918.75623819,-918.73645402,0.0,-4.888005,0.015551,-916.955384,480.35
-918.75397318,-918.78598542,-918.76464393,0.0,-4.83991,0.013608,-916.95531,479.0
-918.78035901,-918.81464197,-918.79178666,0.0,-4.795125,0.011684,-916.955285,477.81
-918.80561845,-918.8421414,-918.81779276,0.0,-4.75384,0.009819,-916.955208,476.79
-918.82978292,-918.868541,-918.84270228,0.0,-4.716217,0.008049,-916.955213,475.94
-918.85258027,-918.89356741,-918.86624265,0.0,-4.68239,0.006406,-916.955157,475.27
-918.87401893,-918.91719212,-918.88840999,0.0,-4.652467,0.004918,-916.95509,474.77
-918.89419019,-918.93943924,-918.9092732,0.0,-4.626526,0.003606,-916.955025,474.45
-918.91306424,-918.96019627,-918.92877491,0.0,-4.60462,0.002489,-916.954981,474.32
-918.93061111,-918.97935141,-918.94685788,0.0,-4.586768,0.001576,-916.954988,474.36
-918.94675175,-918.99675697,-918.96342016,0.0,-4.572964,0.000874,-916.95498,474.58
-918.96145666,-919.01233551,-918.97841627,0.0,-4.563174,0.000383,-916.95497,474.97
-918.97477508,-919.02611051,-918.99188689,0.0,-4.557334,9.5e-05,-916.954911,475.54
-918.98675762,-919.03812875,-919.00388133,0.0,-4.555356,0.0,-916.954844,476.27
-918.99739163,-919.04839415,-919.01439247,0.0,-4.557122,8.2e-05,-916.954818,477.16
-919.00658455,-919.05684785,-919.02333899,0.0,-4.562491,0.00032,-916.954719,478.21
-919.01456051,-919.06375992,-919.03096031,0.0,-4.571297,0.000691,-916.954652,479.4
-919.02137214,-919.06923697,-919.03732709,0.0,-4.58335,0.001169,-916.954544,480.74
-919.02725052,-919.07356549,-919.04268884,0.0,-4.598438,0.001724,-916.954485,482.22
-919.03225768,-919.07686142,-919.04712559,0.0,-4.616326,0.002327,-916.954401,483.83
-919.03658945,-919.07937178,-919.05085023,0.0,-4.636757,0.002947,-916.954295,485.59
-919.04010006,-919.08097621,-919.05372544,0.0,-4.659453,0.003553,-916.954163,487.45
-919.04289326,-919.08183754,-919.05587469,0.0,-4.684117,0.004117,-916.954106,489.4
-919.04498659,-919.08189664,-919.05728994,0.0,-4.71044,0.004615,-916.953915,491.43
-919.0465167,-919.08134926,-919.05812756,0.0,-4.738099,0.005023,-916.953773,493.52
-919.0474023,-919.08008387,-919.05829616,0.0,-4.766763,0.005325,-916.953626,495.64
-919.04757923,-919.07800335,-919.0577206,0.0,-4.796092,0.005508,-916.95344,497.78
-919.04722413,-919.07524976,-919.05656601,0.0,-4.825749,0.005567,-916.953323,499.9
-919.04625973,-919.07166764,-919.05472903,0.0,-4.855397,0.005501,-916.95316,501.99
-919.04467143,-919.06730093,-919.05221459,0.0,-4.884702,0.005314,-916.952983,504.02
-919.04233625,-919.06197972,-919.04888407,0.0,-4.913343,0.005017,-916.952822,505.96
-919.0390487,-919.05555346,-919.04455029,0.0,-4.941012,0.004627,-916.952584,507.77
-919.03502608,-919.04824327,-919.03943181,0.0,-4.967422,0.004162,-916.952468,509.43
-919.03015859,-919.03984866,-919.03338861,0.0,-4.99231,0.003646,-916.952366,510.92
-919.02422948,-919.03038366,-919.02628087,0.0,-5.015437,0.003101,-916.952178,512.21
-919.01722288,-919.01984311,-919.01809629,0.0,-5.036599,0.002552,-916.952012,513.29
-919.00896051,-919.0081211,-919.00868071,0.0,-5.055625,0.002022,-916.951828,514.12
-918.99927845,-918.99512607,-918.99789433,0.0,-5.072382,0.001531,-916.951566,514.69
-918.98814132,-918.98089055,-918.9857244,0.0,-5.086782,0.001097,-916.951321,514.97
-918.97540054,-918.96532532,-918.97204213,0.0,-5.098778,0.000733,-916.951146,514.96
-918.96095819,-918.94842415,-918.95678017,0.0,-5.108372,0.000444,-916.951044,514.63
-918.94481495,-918.93013623,-918.93992204,0.0,-5.115618,0.000233,-916.950948,514.01
-918.92714517,-918.91069754,-918.92166263,0.0,-5.120611,9.6e-05,-916.950883,513.11
-918.90783031,-918.88999101,-918.90188387,0.0,-5.123497,2.2e-05,-916.950832,511.93
-918.88693532,-918.86806574,-918.88064546,0.0,-5.124462,0.0,-916.950847,510.49
-918.86445284,-918.84487815,-918.85792794,0.0,-5.123735,1.4e-05,-916.950794,508.82
-918.84059941,-918.82063108,-918.8339433,0.0,-5.121582,4.9e-05,-916.950722,506.94
-918.81553406,-918.79533118,-918.80879977,0.0,-5.118301,8.9e-05,-916.950572,504.9
-918.78949311,-918.76918475,-918.78272366,0.0,-5.114215,0.000122,-916.950484,502.72
-918.76253894,-918.74218145,-918.75575311,0.0,-5.109671,0.000138,-916.950335,500.45
-918.73501417,-918.71460035,-918.72820956,0.0,-5.105028,0.000133,-916.950235,498.14
-918.70714215,-918.68661607,-918.70030012,0.0,-5.100654,0.000108,-916.950097,495.82
-918.67926076,-918.65849904,-918.67234019,0.0,-5.096918,7e-05,-916.949991,493.54
-918.65174975,-918.63068566,-918.64472839,0.0,-5.09418,2.9e-05,-916.949893,491.36
-918.6251296,-918.60369277,-918.61798399,0.0,-5.092787,3e-06,-916.94976,489.35
-918.59980666,-918.57797211,-918.59252847,0.0,-5.093057,9e-06,-916.94963,487.55
-918.57622,-918.55404057,-918.56882686,0.0,-5.095277,6.7e-05,-916.949505,486.01
-918.55475708,-918.53238851,-918.54730089,0.0,-5.099692,0.000195,-916.949412,484.77
-918.53570464,-918.51342236,-918.52827722,0.0,-5.106496,0.000407,-916.949299,483.88
-918.51952974,-918.49773162,-918.5122637,0.0,-5.115833,0.000711,-916.949211,483.37
-918.50646848,-918.48565928,-918.49953208,0.0,-5.127782,0.001108,-916.949049,483.27
-918.4968146,-918.47757389,-918.49040103,0.0,-5.142359,0.001589,-916.948882,483.61
-918.49081284,-918.47373978,-918.48512182,0.0,-5.159511,0.002136,-916.948771,484.38
-918.48860832,-918.47428355,-918.4838334,0.0,-5.179114,0.002721,-916.948599,485.61
-918.4903717,-918.47932608,-918.48668983,0.0,-5.200974,0.00331,-916.948467,487.28
-918.49596564,-918.48863418,-918.49352182,0.0,-5.224824,0.003863,-916.948235,489.39
-918.50560165,-918.50231878,-918.50450736,0.0,-5.25033,0.004335,-916.948089,491.91
-918.51909975,-918.52010199,-918.51943383,0.0,-5.277092,0.004686,-916.947929,494.8
-918.53637809,-918.54181102,-918.53818907,0.0,-5.304649,0.004877,-916.947777,498.04
-918.55721035,-918.56713882,-918.56051984,0.0,-5.332488,0.004881,-916.947595,501.57
-918.58141575,-918.59583314,-918.58622155,0.0,-5.360047,0.004683,-916.947451,505.34
-918.60857348,-918.62740913,-918.61485203,0.0,-5.386729,0.004285,-916.947336,509.27
-918.63822768,-918.66135353,-918.6459363,0.0,-5.411908,0.003708,-916.947275,513.28
-918.66984549,-918.69708277,-918.67892459,0.0,-5.434949,0.002995,-916.947173,517.29
-918.70311851,-918.73428385,-918.71350695,0.0,-5.455214,0.002206,-916.947161,521.22
-918.73746353,-918.77227955,-918.74906887,0.0,-5.47208,0.001419,-916.947082,524.99
-918.77248448,-918.81064321,-918.78520406,0.0,-5.484948,0.000724,-916.947021,528.5
-918.80762949,-918.84881239,-918.82135712,0.0,-5.493262,0.000219,-916.946966,531.69
-918.84237249,-918.88623068,-918.85699188,0.0,-5.496515,2e-06,-916.947004,534.45
-918.87589331,-918.92205958,-918.89128207,0.0,-5.49427,0.000163,-916.94699,536.7
-918.90761069,-918.95570388,-918.92364175,0.0,-5.486168,0.000777,-916.946935,538.36
-918.93721702,-918.98684972,-918.95376125,0.0,-5.471947,0.001892,-916.946899,539.4
-918.96418522,-919.01497284,-918.98111443,0.0,-5.451442,0.003529,-916.94683,539.75
-918.98802603,-919.03959648,-919.00521618,0.0,-5.424596,0.005672,-916.946836,539.38
-919.00829601,-919.06030126,-919.0256311,0.0,-5.39147,0.008267,-916.946786,538.27
-919.0247658,-919.0768921,-919.04214123,0.0,-5.35224,0.011224,-916.946651,536.42
-919.03722208,-919.0891977,-919.05454729,0.0,-5.307201,0.014419,-916.946574,533.84
-919.04539862,-919.09700002,-919.06259909,0.0,-5.256762,0.0177,-916.946485,530.55
-919.04909504,-919.10015066,-919.06611358,0.0,-5.201446,0.020896,-916.946302,526.6
-919.04846584,-919.09885934,-919.06526367,0.0,-5.141879,0.023829,-916.946212,522.04
-919.04356933,-919.09323746,-919.06012537,0.0,-5.078786,0.026325,-916.946078,516.95
-919.03464299,-919.08357319,-919.05095305,0.0,-5.012975,0.028227,-916.945984,511.42
-919.02181734,-919.07004402,-919.0378929,0.0,-4.945324,0.029406,-916.945923,505.52
-919.00534626,-919.05294564,-919.02121272,0.0,-4.876771,0.02977,-916.945814,499.36
-918.9856955,-919.03278018,-919.00139039,0.0,-4.808294,0.029275,-916.945682,493.03
-918.96327067,-919.00998319,-918.97884151,0.0,-4.740898,0.027927,-916.94557,486.64
-918.93855333,-918.98505989,-918.95405552,0.0,-4.675598,0.025786,-916.945472,480.29
-918.91218368,-918.95866497,-918.92767744,0.0,-4.613402,0.022964,-916.945396,474.1
-918.88454806,-918.93119253,-918.90009622,0.0,-4.555293,0.01962,-916.945282,468.15
-918.85623579,-918.90323161,-918.87190106,0.0,-4.502216,0.015948,-916.945201,462.54
-918.82782395,-918.87535216,-918.84366669,0.0,-4.455063,0.012176,-916.94512,457.35
-918.79978655,-918.84801718,-918.81586343,0.0,-4.414656,0.008543,-916.94502,452.67
-918.77265887,-918.82174722,-918.78902165,0.0,-4.381739,0.005294,-916.9449,448.58
-918.74695814,-918.79704268,-918.76365299,0.0,-4.356962,0.00266,-916.944764,445.13
-918.72320239,-918.77440431,-918.7402697,0.0,-4.340873,0.00085,-916.944654,442.38
-918.70183469,-918.75425845,-918.71930928,0.0,-4.333908,3.4e-05,-916.944588,440.4
-918.68314694,-918.73687844,-918.70105744,0.0,-4.336381,0.000331,-916.944484,439.21
-918.66759775,-918.72270292,-918.68596614,0.0,-4.348481,0.001808,-916.944434,438.86
-918.65542382,-918.71194775,-918.67426513,0.0,-4.370263,0.004462,-916.944343,439.37
-918.64680639,-918.70477088,-918.66612789,0.0,-4.401646,0.008226,-916.944256,440.75
-918.64199243,-918.70139499,-918.66179328,0.0,-4.442412,0.012968,-916.944204,443.01
-918.64112092,-918.7019346,-918.66139215,0.0,-4.4922,0.018489,-916.944129,446.15
-918.64405611,-918.70622966,-918.66478063,0.0,-4.550511,0.024538,-916.944049,450.15
-918.65064857,-918.71410632,-918.67180115,0.0,-4.61671,0.030822,-916.943979,454.96
-918.66084258,-918.72548556,-918.68239024,0.0,-4.690033,0.037016,-916.943915,460.56
-918.67451578,-918.74022212,-918.69641789,0.0,-4.76959,0.042786,-916.943829,466.89
-918.6915265,-918.75815189,-918.71373497,0.0,-4.854376,0.047802,-916.943784,473.89
-918.71143046,-918.77880915,-918.73389002,0.0,-4.94328,0.05176,-916.94375,481.47
-918.73377511,-918.80172222,-918.75642414,0.0,-5.035096,0.054406,-916.943702,489.54
-918.75814814,-918.82646315,-918.78091981,0.0,-5.128543,0.055552,-916.943691,497.98
-918.78402444,-918.85249754,-918.8068488,0.0,-5.222281,0.055091,-916.943675,506.66
-918.81095803,-918.87937877,-918.83376495,0.0,-5.314932,0.053009,-916.943668,515.46
-918.83840403,-918.90657286,-918.86112698,0.0,-5.405099,0.049393,-916.94371,524.22
-918.86574722,-918.93348702,-918.88832715,0.0,-5.491389,0.04443,-916.943717,532.79
-918.89254237,-918.95971067,-918.9149318,0.0,-5.572441,0.0384,-916.943752,541.02
-918.91822677,-918.98472227,-918.94039194,0.0,-5.646948,0.031663,-916.943746,548.75
-918.94240928,-919.00817904,-918.96433253,0.0,-5.713683,0.024635,-916.943768,555.83
-918.96468914,-919.02974006,-918.98637278,0.0,-5.771521,0.017767,-916.943802,562.12
-918.98468366,-919.04908338,-919.00615023,0.0,-5.819464,0.011513,-916.943793,567.49
-919.00223334,-919.06610618,-919.02352429,0.0,-5.85666,0.006298,-916.943809,571.82
-919.01710698,-919.0806925,-919.03830216,0.0,-5.882421,0.002491,-916.943741,575.04
-919.02926496,-919.09264877,-919.0503929,0.0,-5.896235,0.000377,-916.943619,577.08
-919.03872378,-919.10221033,-919.05988597,0.0,-5.89778,0.000136,-916.943524,577.9
-919.04545446,-919.1092882,-919.06673238,0.0,-5.886924,0.001833,-916.943416,577.48
-919.04975082,-919.1141716,-919.07122441,0.0,-5.863734,0.005411,-916.943404,575.86
-919.05166414,-919.11688865,-919.07340565,0.0,-5.828467,0.010696,-916.943309,573.07
-919.05169179,-919.11790219,-919.07376192,0.0,-5.781566,0.017409,-916.943231,569.2
-919.05013548,-919.11747284,-919.07258127,0.0,-5.723644,0.025193,-916.943104,564.35
-919.0473669,-919.11592952,-919.07022111,0.0,-5.655473,0.033628,-916.94298,558.62
-919.04383761,-919.11368121,-919.06711881,0.0,-5.577963,0.042268,-916.942846,552.15
-919.04006114,-919.11120337,-919.06377521,0.0,-5.492141,0.050665,-916.942747,545.07
-919.03630807,-919.10873637,-919.06045084,0.0,-5.399131,0.0584,-916.942618,537.52
-919.03292598,-919.10660445,-919.05748547,0.0,-5.300132,0.065099,-916.942466,529.65
-919.03037909,-919.10525395,-919.05533738,0.0,-5.196394,0.070459,-916.942327,521.58
-919.02927441,-919.10527645,-919.05460842,0.0,-5.089198,0.074256,-916.942268,513.48
-919.02998503,-919.10702951,-919.05566652,0.0,-4.979831,0.076363,-916.942225,505.48
-919.03269254,-919.11067859,-919.05868789,0.0,-4.869563,0.076739,-916.942133,497.68
-919.03785177,-919.11666112,-919.06412155,0.0,-4.759634,0.075428,-916.942092,490.2
-919.0456429,-919.1251667,-919.07215083,0.0,-4.651231,0.072554,-916.941924,483.15
-919.05629691,-919.13635482,-919.08298288,0.0,-4.545474,0.068309,-916.941692,476.6
-919.06991875,-919.15034504,-919.09672751,0.0,-4.443405,0.062928,-916.941466,470.61
-919.0866095,-919.16724506,-919.11348802,0.0,-4.345975,0.056682,-916.941226,465.24
-919.10637614,-919.18701298,-919.13325509,0.0,-4.254038,0.04986,-916.941029,460.53
-919.1291284,-919.20962813,-919.15596164,0.0,-4.16834,0.042751,-916.940824,456.51
-919.15494548,-919.23513214,-919.18167437,0.0,-4.089523,0.035634,-916.940692,453.2
-919.18358705,-919.26331603,-919.21016337,0.0,-4.018111,0.028764,-916.940528,450.61
-919.21483922,-919.29398991,-919.24122278,0.0,-3.954515,0.022364,-916.940377,448.75
-919.24844713,-919.32692511,-919.27460646,0.0,-3.899031,0.016612,-916.940205,447.6
-919.2844169,-919.36215666,-919.31033015,0.0,-3.851844,0.011645,-916.940047,447.16
-919.32242682,-919.39939221,-919.34808195,0.0,-3.813023,0.007552,-916.939823,447.41
-919.36223451,-919.43841759,-919.38762887,0.0,-3.782529,0.004373,-916.939606,448.33
-919.40341838,-919.47883605,-919.4285576,0.0,-3.760215,0.002102,-916.939399,449.87
-919.44557548,-919.52026288,-919.47047128,0.0,-3.745838,0.000692,-916.939205,452.0
-919.48834974,-919.56232203,-919.51300717,0.0,-3.739058,6e-05,-916.939028,454.66
-919.53132219,-919.60466912,-919.55577116,0.0,-3.739456,9.4e-05,-916.938923,457.8
-919.5740332,-919.64679992,-919.59828877,0.0,-3.74653,0.000665,-916.938818,461.36
-919.61605045,-919.68827975,-919.64012689,0.0,-3.759716,0.00163,-916.938673,465.3
-919.65711139,-919.72881791,-919.68101356,0.0,-3.77839,0.002844,-916.938586,469.53
-919.69678456,-919.76794366,-919.72050426,0.0,-3.801877,0.004165,-916.938508,474.01
-919.73466481,-919.80523619,-919.7581886,0.0,-3.829468,0.005464,-916.938388,478.66
-919.77047849,-919.84039631,-919.79378443,0.0,-3.860424,0.00663,-916.938288,483.41
-919.803702,-919.8728801,-919.82676137,0.0,-3.893991,0.007573,-916.93815,488.18
-919.83395275,-919.90229508,-919.85673353,0.0,-3.929411,0.008231,-916.938009,492.89
-919.86107643,-919.92848849,-919.88354712,0.0,-3.965936,0.008569,-916.937908,497.48
-919.884899,-919.9512986,-919.9070322,0.0,-4.002837,0.008578,-916.937797,501.87
-919.90518006,-919.97050579,-919.92695531,0.0,-4.039418,0.008273,-916.93766,506.02
-919.92184245,-919.98606069,-919.94324853,0.0,-4.075018,0.007691,-916.937585,509.84
-919.93460707,-919.99771433,-919.95564282,0.0,-4.109032,0.006887,-916.937482,513.29
-919.94336659,-920.0053888,-919.96404066,0.0,-4.14091,0.005927,-916.937373,516.31
-919.94826645,-920.00925413,-919.96859568,0.0,-4.170175,0.004882,-916.937262,518.86
-919.949317,-920.00933816,-919.96932405,0.0,-4.196419,0.003823,-916.937083,520.92
-919.94673697,-920.00587111,-919.96644835,0.0,-4.219317,0.002817,-916.936981,522.47
-919.94073565,-919.99903327,-919.96016819,0.0,-4.238621,0.001918,-916.936932,523.5
-919.93132629,-919.98887232,-919.9505083,0.0,-4.254167,0.001171,-916.936804,524.01
-919.91882458,-919.97563204,-919.9377604,0.0,-4.265875,0.000602,-916.936639,524.0
-919.90350088,-919.95963859,-919.92221345,0.0,-4.273746,0.000224,-916.936348,523.51
-919.88600248,-919.94148308,-919.90449601,0.0,-4.277856,3.2e-05,-916.936139,522.58
